case_id,lung_airway,cardiomediastinal,hepatosplenic,renal_adrenal,bowel_pancreas,pelvic_urinary,axial_bone,appendicular_muscle
gap_f5af448c110e974293,10741 2 10754 2 15347 4,1539 5 2137 6 5041 4,958 3 4252 5,3895 6 10040 6,8009 5,14584 5,393 5 583 3,1291 3
gap_5296f1202eee3792d4,1045 6 6290 4 15254 5,3378 5 4525 6 4579 4,11288 2,5187 3 6094 2 15330 6,10316 6,3219 5 4543 5 12816 5,6024 4 8821 6,6613 5
gap_deac151dc54033d129,2826 3 11998 5,3002 5 5697 5 11044 5,5589 5 7379 5 11181 6,7877 3 14172 2,6593 6 8368 6 10415 3,4694 4 7920 5 11830 4,3782 4 14428 3 15249 4,10791 6 13593 5
gap_5bf1e73744b2580044,3060 3 5020 3 10874 6,9634 6,1992 6,8814 4,2567 3,351 3 949 5 3950 5,8279 2 9946 4 11788 2,2275 2 9837 3
gap_505c5e72c8ab02164d,6859 6 11483 4 15906 4,2243 6 8819 6 10731 6,11940 2,5047 2,5123 2 5679 6,2088 2 10257 3,3973 6 6514 2 8099 3,2104 6 11229 6 14484 5
gap_fbea1969b0eb81bf0d,13185 3 13930 4 14800 4,6668 2,7603 4 11141 2,688 6 4544 4,5861 6,10421 5,2626 2 10386 2,6196 3 11475 4
gap_02daecab79ab4c04f5,10617 2,5329 2 10028 3,3741 2 7170 4 7442 4,6018 4 7401 2 12315 2,5218 3 14674 5 16150 6,2712 3 4228 2,2757 3 7749 3 11217 3,15772 4
gap_cabd65526627951603,476 4 945 3 10727 5,10627 4 13610 5,6852 5 11526 4,11944 6 14833 5 15257 4,4963 6 15126 2 16262 2,3988 6 13670 3 16353 2,6251 4,4874 5 10082 6
gap_780ef6910430c38ee4,5658 9,11374 2 11531 3,14788 5,6314 4 12475 5,235 3 9284 2,818 2 2318 3 14327 6,8004 3 11151 5,458 3 13083 4
gap_afd86adfb87c3bc343,2810 6 3761 2 7622 6,7837 5,15141 6,2871 6 10789 3 13995 2,263 5 1126 3,2043 4 14131 5,5642 5 10016 6,5569 3
gap_92aa32afff4c9793eb,11164 6,10456 4,9050 3 14871 2 15353 5,1854 6 2548 2 3441 2,6409 6,2457 5,12655 3 15514 4,4778 2 4921 5 11834 2
gap_4b2a83d80c4b0a3ea0,5721 4,12829 6,5886 3 11984 3 14954 3,672 6 10607 3 12374 6,11649 3,7694 5 12967 4 15337 6,9529 2 10527 3,313 5 2491 3 12913 2
gap_7609100e7b3d5168b7,3322 6,6935 3 13825 6 15428 5,12749 4 14933 3,3739 5 4444 4 8026 5,1041 6 2102 6 14805 2,6153 2,1675 2,6345 6
gap_7edec5148186b6e1ec,8706 2 15684 5,5815 4,15278 2,2128 2 14662 3 16321 3,3081 3 10103 3 10860 3,5320 2,14373 3,890 4 13045 6
gap_909a6d35a5c9e69803,2823 3,7412 5,8565 5,4256 3 9492 6 9912 2,7029 2 10977 6 11994 6,7514 2 15444 6,5286 2 6279 3 14545 2,990 4
gap_7c9812e0e85d4be3c1,6896 2,1556 4 6993 4 15914 2,4007 3,5141 2 6139 5,5865 2,3477 2 4175 2 11443 6,608 5 6046 4,15767 3 16041 4 16299 4
gap_ddbeb31901c8a028fe,5593 5,107 6 7909 3,7503 6,6941 4,12046 6,10642 6 16130 4,16086 4,9183 3 13509 5
gap_d9bbc1552d55a7eb2a,6128 4 6771 5 11333 3,10484 2,3594 4 5062 2 10266 5,9023 6,3803 2 9939 6 11267 5,341 5 12827 6,898 5 7225 6 7920 4,892 3 4543 2
gap_ef100332e3e0b2dfd8,2745 2 7691 5 13904 4,5920 6 6516 2 14373 3,2079 6 9940 6,15936 3,6482 5,11570 3,14157 2,2845 6 12440 3
gap_30d7f16d9261183192,8600 2 15775 3,878 3 2738 2,218 5 3693 4 4825 6,3177 2 10816 5 11157 4,630 6 14449 5 15505 4,2490 2 8287 3,8991 2 16283 4,13420 5 14712 6 15123 5
gap_c565d972807feca703,13783 3,13289 6,4380 5 15265 5,5448 3 8149 2 8316 5,7940 4 9659 5 14116 2,3981 4 8700 2 10380 6,10781 5,4200 4 15351 6 16339 3
gap_df9d50ab9d3ef1f080,1860 4,6852 3,4454 6 6813 4,5068 2 13600 4,1687 3 8535 2 14860 2,4567 3 7026 3,1780 5,3588 3 11635 6 12481 3
gap_16e9d1de558c26914a,9738 6 13778 2 15800 3,5785 4 10858 6,10128 2 13793 4 15672 6,4590 5,2436 2 12122 2 13885 5,10545 6,9813 4 13201 3 14727 5,14655 6
gap_611595e24c36588b97,8396 5,16315 4,4534 2 7619 5 15418 4,10160 5,8994 3,3906 4 5564 2,9758 2 12640 5,6950 6
gap_51008d275e701d3939,5442 5,10310 4,1621 4 3419 6,47 5 7302 2 8803 6,11 3 15762 6,11803 4 13841 4,7255 6 12064 5,1895 2 4604 4 6717 4
gap_1e8b88923cabe91f9c,8858 3 9745 6 12962 5,1943 5 10682 2,86 5 7644 6,7273 2 14204 3 14730 6,9518 4 13115 6 13198 2,11105 3 13917 3 16340 2,4730 5 11883 2 13009 3,7198 4
gap_bf223a984c54171908,7775 3 14939 6 16347 4,7977 2 13492 4,3871 2,1789 3 10411 4,1793 3 5124 3 14169 2,2278 4 15245 4,3419 5 4380 4 5343 6,3104 4
gap_bcd608c411fa92c5bf,1859 5 3892 4 15946 5,15501 3,1581 4 9521 2,963 4,999 2,837 3 1262 3 15339 2,14329 2,13425 3 15489 6
gap_c10f77a18a065d6855,10612 3 11805 6 14234 2,169 6 474 5,13847 4,1274 4 12562 2,7478 4 12263 2,9776 3,9255 5,2166 6 14562 6 15960 4
gap_f7cb129d60c7cb3d48,107 4 10011 2 10251 6,1712 5 4844 2 4978 5,14064 5,3057 5,1918 2 4675 6,5532 2 5730 5 13734 5,19 5 2068 2 12932 2,2010 5 2907 6
gap_09bba3ea528f62ce5b,243 4 2076 5 5768 4,11374 4,4121 2 6323 5 7972 2,6163 2 9316 5 16343 5,2044 3 7443 4,10753 3 11018 2,5935 2,2359 6 7239 4
gap_2e9e8e90f9f7f79c6a,5334 2 11640 3,6265 2 8680 3,14922 5,10250 5,3251 5,2510 4,8108 3 13523 3 15318 6,9527 2 13928 4 15735 3
gap_cb7f8001c70b2e24ad,9071 3 11104 5 14791 3,4904 6 16052 3,1910 5 16047 2,1624 6 5071 5 15071 2,3528 4 15926 5,13602 5,6662 3 7363 3 14558 4,5662 6 8136 2
gap_349cf4a60c981b1c2c,11177 2,3398 2 3576 2,2132 5,13606 5 14659 6,1697 6 4229 4 10329 6,10426 3 15851 6,6960 4 10169 2 12779 5,382 2 6632 5 14767 4
gap_36c7e13f7a8cd18e3e,3935 6 8145 4 9878 3,2341 4 8523 2 8819 4,4857 2 15367 3,165 5 1691 3,12197 3,11754 2 13149 6,1848 5,1725 3 13122 4
gap_1949bafc95251b5b00,5799 4,935 3 10009 5 10043 5,12388 5 14473 2,7961 5,11543 6 13593 6 15329 6,3109 6 4649 3 11093 2,15167 6,1583 3 5143 4 6293 5
gap_142b643de5311c1640,8366 5,15886 5,8617 3,2035 5,2428 2 8317 2 14278 5,3248 6 14927 3,12738 4,6372 2 12163 3
gap_f8df4904c6710520ba,1169 4 10027 2 14391 6,1621 2 11241 6,1745 6 9818 5,10772 2,2309 4 5471 5 6470 3,6369 5,4233 6 6266 2 9392 4,10060 2
gap_5b823ee0ff3b356bca,1826 3,296 4 2127 5 3640 3,2037 3 7893 4 10492 2,11506 2 14671 6,10910 2,11061 4,14284 3,12627 4
gap_89d3f686deabd4f4f4,9899 2 13072 5,5276 4 9627 2 14632 2,1842 4,2357 6 9810 4,10822 4,10837 5 15109 2,9638 6 13453 4,4212 4 7608 3 16182 5
gap_87175c6af3ff608fa2,4691 3 8466 3 15595 2,1526 6 15224 6,12678 4,15848 5,5507 5 5646 3 12251 3,3492 6 10996 6 15893 2,2221 5,1028 3 8141 3 9042 6
gap_a505050595a3b064cd,14704 2,1369 3 11430 2,9192 4,3903 6,2086 3,1001 5 5295 3,1397 4,9909 3 11670 4
gap_5d8ea6f34568222ae0,5510 3,11798 3 14285 4 15864 6,6943 5,4134 6,4865 6 5894 6 14631 6,8137 6 13232 6 14058 2,3025 2 8337 6,11544 5
gap_c6833984478f48af68,7520 3,3423 3 7103 6 13232 2,3900 2,4609 4 6963 6 12883 6,4522 5 5659 6,12098 6,7639 4 9905 4,2129 5 14647 4
gap_b8d0fe24a608ffa3b4,1991 6 5813 2 7621 3,1272 5 3311 5 10793 3,10297 2,9783 6,8626 3,195 3 7179 5,1380 4,8045 6 14993 3
gap_f6ed9ece9065150bbb,4403 4 7950 4 14416 4,714 5 10136 5,14872 4,7177 6,9793 2 14805 2 16257 5,13226 6 13705 5,11533 4 12548 3,1029 5 1775 6 12949 3
gap_ca1b69ddef301f9c83,13280 6 13409 4,7313 4 8826 5 12791 3,4270 2 13126 2,14308 5,13467 4,1695 2 9464 6 12684 3,7437 4 8317 2,7535 4
gap_dcdad6e90af5efd398,10852 2 14669 3,2363 4 3400 6 5397 4,4281 2 5654 3 12979 3,7889 4,1628 2,10563 3 12189 4,14581 2,6401 2 8989 5
gap_252a182eb501524214,167 3,10988 4 16158 3,7138 3,4845 5 6113 4,2229 4 9199 4 15910 4,677 3 7952 5,1329 5 9186 3,3307 4
gap_5ab2140b4c7b9fe172,6513 2 12116 2,11502 6,4444 4,8941 2,9078 4 12626 5,8698 3,9076 2 13250 6 13573 5,15433 3
gap_3b676990f44a5f7a2f,524 4 1032 5,9333 4 15569 3 16150 4,9771 3,1523 2 7026 5,8511 2 11925 2,5241 3,13898 6,167 5 15505 5
gap_594e17c4c493235454,5935 2 6298 2 12563 2,4620 5,3172 6 14396 6 15029 3,2606 6 4538 6,5546 2 11283 4 14749 2,278 2 7669 4 8373 3,4325 2,13517 5
gap_254f0a0675db139fcd,124 2 1847 2 11078 4,5346 5 8267 3,5495 5 6052 5 14343 3,1917 3,5513 5,2778 5 4254 5 5198 3,10485 4 11864 3 13203 3,2663 2
gap_a9a5dff04f83e68cff,5683 5,3485 5,5532 3,1298 6 16261 3,1041 2 14926 4,13073 3,3354 4 6648 5,5218 5 5658 3 11381 2
gap_07cc47e33d28188ef7,4284 6 11132 2,4841 5,6824 2,13757 6 15201 3,1469 3 2251 6 14028 6,332 4 823 6 15630 6,12893 3 15253 4,623 3 13473 4 14699 6
gap_06d9ac66f154842eab,11956 2 14952 6,1512 2 7079 4,2696 2,1761 4 1996 6,9946 6,1086 6,11354 3 13659 6,6032 2 9083 2
gap_f286f307c60994f599,573 4 13022 3,4046 6 7317 3 11302 6,3052 3 7305 5,5716 2 12689 2 13865 5,6746 3 14769 6,8836 4,137 3,6500 4
gap_47b7cae7160ad0155f,2732 3 13119 6,1337 2 11272 2 11988 6,4753 5 15122 2,14731 6,12359 5,3029 6 9335 4 11923 5,6582 5,2485 2 15480 2
gap_33202a48f041fdbf36,7620 6 7885 2 12322 3,3933 3 9872 2,6958 2 7562 6,11140 2,8407 2 9652 5,10152 5,5300 6 7414 6 12636 4,444 5 11037 5
gap_7ad602bac9f56c8412,6138 5 8613 2 15762 3,8656 5 10753 3 15927 2,6403 6,12766 3 13078 4,3996 3 9129 4 9383 2,1297 5 6729 2,1415 3,8031 2
gap_2b60a218b548db314f,6241 5,10684 5,361 2 6396 5 7987 2,491 6,363 3 8212 2 14883 5,5364 2 9393 2,14606 2,2246 5 2804 3 6776 4
gap_cc8a144f31819640a3,4819 3,9491 6,2497 3 4434 3 6789 4,3319 5 4588 4,464 3 8016 3,11763 2,6607 3,2550 3 2875 2 16367 2
gap_43865a2fb9ceff7c3e,4561 6 7090 4,1575 6 10821 6 14164 2,1339 2 5142 6 13179 3,14806 5,7026 2,8470 3,151 4 13934 2,13802 5
gap_233ec98c7ce84faeee,988 2,161 6 5107 4 5657 2,3333 4 5269 6 15222 6,1118 2 13709 3 15548 5,2296 6,1061 2 3084 6,9418 4 11533 2,6283 4 11570 5
gap_de7cae57e089fc73e7,1020 5,13816 4,4200 5,1011 2 8801 6 14985 3,2884 6 13587 2,4467 3,9175 3 10027 5 10421 3,5117 4
gap_2dc957cb4eb5c2f028,12511 5,4749 3,5177 2 12711 5 14426 5,9806 5,7547 6 13843 6,16381 3,1832 2 12842 5,3352 2 9693 4
gap_4242400b2dbb6361b0,15450 2,902 5 6701 2,1468 3 6311 3 14317 2,13987 2,10086 6,2061 5 4713 6 5936 3,9458 4,8968 5
gap_13bca08ab36a96234a,14467 5,437 2 2152 4 12668 4,187 3 11752 2,1312 2 7761 3,2735 2,13271 3 15213 3,7437 5 12500 3,4956 2
gap_b7d80cf00bd789ff9a,5621 4 6523 5 14437 3,1977 4 7573 4 15089 4,3882 3,8317 2 9497 6 13358 2,616 4 14306 6 15889 6,1690 6 4380 4,14808 2 16032 4,2167 4
gap_68c3f8cbed4388d93e,11339 4 11582 2 13069 2,6238 2 13933 2,1127 6 11344 2,951 4 6350 2 15613 3,11947 5,13936 4,4485 4,11173 4
gap_05d7efeef9acaefe97,5457 4,2087 2 13229 3 14408 4,13015 3 13129 5,13405 3 14068 5 16213 4,1968 2 11385 5,15813 3,6154 6 11532 5 16323 5,1073 3
gap_2133d9a191fdaac313,562 4 15574 3 15735 3,5348 3 11652 5 15783 5,2888 6 15848 5,1328 3 7035 2 7116 6,142 5 2530 5 5395 2,976 6 10026 4,6691 4,4825 4 8351 6
gap_c8b105688fde86ee93,920 6 2119 5 13035 2,1733 5 11847 4 13802 3,1828 5,12266 4 13511 4,3750 4 15746 2,12450 6 13171 6,6974 6 11458 2 12317 6,2869 3
gap_326c3893e44510207e,2718 3 3727 5 14984 2,225 3 2734 6,7028 4,2701 2 3138 6,9863 4 11666 3 15122 5,4682 3,9833 4 13683 4,5115 3 9390 4 14762 2
gap_6e1c9cc6c037d549a2,2748 6 11550 2,8527 5 13012 2,3989 2 8894 3,1514 2 11225 2 11884 3,5532 3,5820 6 10374 6,10195 5,5277 5 9532 3 15801 5
gap_ac4071ac5a058dcd5f,9738 2 15240 5,2460 3 9376 3 14352 6,5084 6,6665 6 15294 4,613 5 13465 4,12562 2,2774 2 8732 6,1158 3
gap_1a2391d59418825643,2412 4 10142 3 10854 6,15288 4,6156 6 10882 4,12571 2 13408 3,717 4 6328 3 9812 6,1465 4 8160 6 14653 6,502 2,3399 4
gap_402548b58fc38e13b5,3870 2 5367 2 15129 3,961 3 4639 3 12568 2,1734 3,3259 3 15326 2,3594 5,7877 2 8509 5,1049 4,262 2 7253 2 13853 4
gap_20c8234a3aff917b1e,1029 5 6853 5 10199 6,8388 4,16189 3,142 5 7354 2 9290 5,1902 3 13509 6,3167 5 9174 2 12253 2,3544 4 8347 6,11413 4 14155 2
gap_dee767bdf0d6d0cbc1,1273 2 11887 4,802 5 10351 3,1881 3,12880 2,10944 5 12434 2 13621 5,9332 4 10629 5 15003 2,14724 6,15127 5
gap_55293f20ef85bf30a0,3242 4 10639 2 12221 4,4322 2 5065 6 6192 2,2596 6 9157 4,9392 3 9477 3,1825 2 9849 3 14407 4,3494 3 4911 4 11951 6,3051 6 12215 4,7283 5
gap_6949a812712b424fa8,5090 5 5530 5 7567 2,7878 5,8893 4,10364 5,12586 2 15801 5,5095 4 8885 5,10142 3 14361 2,11409 4
gap_9696f14c53a04a1fef,2785 3,4549 6 9437 5 14686 3,10642 6,11639 6,8956 4,10758 6,8645 4 11095 4 14051 3,7237 4 10655 2
gap_dce84719814d616a6d,730 6 9743 5 16356 5,10423 5 12618 2,3596 5 12001 6,15072 6,5972 3 13195 6 15755 2,10801 2 12850 3,1460 5 4453 5 6852 3,16090 5
gap_a41f28968092944dbd,3869 5,9737 5 10510 6 15892 5,10177 2 12819 4,8039 3,6945 4 11245 2 12457 3,3715 5 10552 3 14836 2,2324 5 10899 2,959 3 12908 4 14036 6
gap_afa48b36cf9bb16c57,3558 6 6087 2 16236 6,818 2 10993 5 13494 5,10413 6,8647 5,8635 6,5239 3 11682 4,8193 6 10766 5,3544 4 5481 5 9513 2
gap_695033062cb0d03fd1,13481 6,13156 6,4169 3 6916 5,3946 3 11253 5 13304 5,5654 3 9980 5,3056 6 15331 6,1616 4 3359 5,16160 3
gap_4baa5bf5f34d797630,3465 4 3891 2 12073 6,10015 5 10375 2 12633 3,10369 5 15647 2,5979 2 8074 3,8279 3 13461 2,4515 6 7785 5,4084 5 10915 6,15147 6 15748 2
gap_dee4027320039b7c29,7599 6,5706 6 6081 6 15137 5,6903 3 14241 3,4849 5,7230 5 11604 4,2318 2,3436 2 7652 4,351 6
gap_f1b57a1cc77ba2a931,5876 5,6521 6 10484 2,12444 3,5186 3,4378 3 6988 4 9784 3,2797 4,7254 3,15291 2
gap_15b35e59de5942b440,2714 4 3996 2 14875 2,15388 2,4421 4 6457 3 12603 3,7852 6 16353 3,3211 3 12675 6,7938 2 7980 5 8610 3,999 5 7603 2,5468 4 5873 3
gap_3187e1755ba39cc448,8719 6 9588 6,4482 4 5324 5,5178 3,612 5 3542 3 10376 6,7328 5 11141 3,6448 5 8845 3,1207 2 10226 3,3183 2 7771 4 12409 4
gap_ac7b4a740412cc55e5,1893 3 11130 2,2727 6 5112 2 11549 2,13371 2 15273 4,6341 2 6441 6 7882 4,4836 5 8176 5 14093 5,12306 6 16243 4,4681 2 12406 5,2276 2
gap_94514097c6ae618fb3,2410 2 11270 6,4985 3,15772 3,10937 2 14232 5,13661 6,10676 6,9037 3,3312 6 9583 6
gap_b8768036f47f1f992c,7907 5 10025 4 12046 2,6845 4 11992 4 12637 5,7975 5 9431 5 9650 6,703 4 7053 4 13480 6,6895 4 7615 5 12790 3,10381 6 11444 6,8217 4,11461 2
gap_813b9ffe5bb2fd4007,7722 4 7819 2 8900 3,9473 4 11480 2,8921 4 11107 3 11219 5,1248 5 5349 3,12868 2 16074 3,6811 3,14169 4,566 3 2809 5
gap_10564b0cd8ab0adf62,14566 2,3358 6 4532 6 16190 2,14145 4,3825 5 13703 5,11030 5,11847 2,13507 6,14629 2
gap_ecb2e8c902bd4a391a,9172 3,14736 3,30 3 7250 3 8261 5,10059 5,1543 5,5626 2 12393 4,6047 6 7345 3 8733 4,636 2 8429 2
gap_b22ecf23e0422e6f32,920 6 5306 5 5987 4,447 6 14251 5,3208 4,4652 4 8006 5,16176 3,3340 4 9527 5 9755 3,13728 6,12188 4 12924 3 15039 2
gap_b19118260511a48aeb,10962 5 13382 2,9514 3 11625 3,12472 6,2482 2 5281 5 13064 4,13577 4,1049 6,3647 4,1010 5
gap_13f349d74ac7137b66,1729 4 6141 3 13379 3,114 3 7561 2 9627 2,6724 3 13042 5,2194 5 4993 4 7403 4,3408 5 9655 3,4431 4 5103 6 5280 2,1671 3 11285 4,528 3
gap_b13a3fc5ca3147bcd1,13435 3,1315 3,380 5 7966 6,10278 4 14095 5,4966 6 5904 4 15517 6,2561 5 3029 4 14757 3,4015 2 12408 6 13526 2,83 6 4793 6 8894 4
gap_314ec160c918757099,7738 2 12823 6 12892 6,12564 5,3689 6 10991 5,7911 3,5762 3 6087 5 6108 2,1084 6 8772 3,1205 3 2707 2 3451 3,5963 4 11394 2
gap_86830845f0ef763b00,13146 4,16008 2,11166 6 11946 4 14675 2,3093 2,4438 5 4654 3,1405 2 11233 4,5775 4 5842 4 13799 2,3885 4
gap_fe74509c2f76a92c44,6761 4 12567 5 14047 5,694 2 4452 3,3395 2 6591 6 12617 2,1677 2 11969 5 13760 3,24 4 3095 2,4344 4 7290 5,8857 5,4584 2
gap_17d8261a7af74c8c61,6476 5,578 4 2060 5 10462 4,5501 3,636 4 5616 6,3461 3 13345 2 13413 3,7650 2,7914 2 10793 3 16349 2,2938 4
gap_8a969495d760787b53,6740 6,11540 6 13909 6 14631 3,743 5 12603 3,4951 3 8164 5 14013 4,5192 2 8548 4 13263 5,539 2,11343 6 15874 5,4105 3
gap_c10e639d83e6cbcd95,1935 6 10626 2 15776 3,828 5 3204 5,11742 5,6701 6 7140 4,5995 2,13352 2 13413 6,5577 4 9963 5,15874 2
gap_630fc1bdda4e012a83,3351 5 7107 4,14190 5 15762 6 16285 3,11225 6 14130 3,8413 2 8893 3,14333 4,7616 3 9239 3 16092 5,11979 3 14620 6,4824 6
gap_c5b9100bcd0dd7827a,7228 4 13545 5,14527 3,623 4 7188 5 15019 4,5130 2,2624 6 8180 3,1136 2 1641 6,9074 2 15910 4,4570 6 10040 5 13757 5
gap_8bc97414bdeccc108e,5821 6,3893 3 6732 2,2074 2,9511 4,3785 5,1422 4 11141 3 13082 6,10814 3 11898 6,11226 3
gap_581a4d28395da83fd2,2445 5,2396 4 14237 5,2337 2,7434 6,7391 6 11047 3 12966 6,2297 5 3528 6 12955 6,4968 3,4344 2
gap_56be907e2b759e0f8c,2266 5,6764 5,1047 3 2858 6 8392 2,4669 2 9066 4,11014 5 15268 3,12181 4,10020 4 12706 5,6555 2 15538 2
gap_f8cc6a1d4b6620b5e0,4675 6,1189 6 13511 6,6841 6 12749 5 13028 6,10898 3 14442 3,4671 3 14114 3,7686 6,5423 4 6572 3,7434 2 13191 3
gap_e78a866d1d6f3699ac,3544 2 4840 3 8890 2,5127 6 12951 6,8895 6 13450 3,792 2 5995 2,8083 4 8782 3 10545 6,2886 4 9111 3,6023 2,11777 4
gap_5c3c5f53afe7e1bd61,13760 6,3391 2 6369 3 7584 4,2081 3 10000 2,8722 5,12253 5,11155 5,3398 6 14215 2 14267 3,3351 4 3603 4 12229 2
gap_fb33f485d41a1bd5d4,9220 6,4294 6 16279 6,10671 2,6819 6 7294 2 8238 3,564 2 3249 6,8682 2 10856 2 12482 5,2465 6 14689 6,13050 3
gap_cccfc72c6e6a7b3c45,5478 3,5978 6 8913 5,9499 3 12249 2,11197 6,5823 4 12402 6,11044 2,257 6 15049 4,2696 3 7951 2
gap_5436fb8ca494441737,653 5 8903 4,7373 2 8506 3 10616 5,908 6 7421 2 16019 4,1506 2 5232 2 8852 5,1449 6,7584 3 14301 5,6291 3 11907 5 12589 6,1015 4
gap_1c8ec4dcb227d59df0,8796 6,10502 4 12883 5,1696 3 1784 2 6222 5,4068 3 7172 5 9948 3,4503 6 10816 2,11028 4 12302 4 12708 3,2207 6,1442 5 2542 5 11457 4
gap_6ac7ea5701e04f75cf,13377 5,9878 3,6654 3,465 3,704 6,4162 5 15076 4,8856 3 14306 6,1461 3
gap_ee5279ffcb29fa5a9c,6957 2 14168 6,8947 3 12794 6 13242 6,5770 2 12961 3,460 2 1975 2,3165 2 5064 2 5174 4,11120 4,549 6 11026 5 13970 2,10811 4 16162 4
gap_9d722264a6b1079418,1123 4 7661 3,3038 3 13601 2,2140 4 10286 4 13385 6,8922 3 12460 2 13594 4,3987 6 13229 3 14633 2,15727 3,3760 4 3918 6 11253 2,466 3 5585 3 13340 4
gap_19e636ceb22fafc802,3890 3 15063 6,14524 2,9902 3,6659 2 13767 5 14021 2,5672 6,843 6 13862 5,2733 6 14517 4 15282 6,3620 4 5707 4 15761 4
gap_7c3b4d2940f21022af,410 4 4046 2,1393 6 11278 4 11529 5,10493 4,8545 6 12334 2,13611 4 14826 5,2138 4,5672 3 6052 4,3312 4 4464 6 14269 6
gap_53d1dc72e7792140b5,1863 2 2008 6 12209 3,2664 2 13222 3,3403 5,3025 3 8858 4 13533 2,6280 6 10586 4,5327 5 8779 2 12091 2,7227 6,7984 3
gap_08c870a8acfbc11326,7331 3 14652 3,10828 2,11951 5,4073 6 9387 5 10231 3,734 3 1779 3,8011 2 14655 2 15873 5,14453 2,8617 5 11554 4
gap_132c9c684e6c2bedee,8759 6,13461 3,13864 5,14368 5,1348 2,1732 5 9696 2 12984 3,9590 6,6072 2 12626 3
gap_357419da31f1989bfe,5770 2 12619 6 15611 6,2491 2,3313 2 9750 4,802 5 2251 2 15593 3,13074 5 13752 3,1453 2,3030 5 15651 5,9525 4 11888 6
gap_032e5bc031930a6f27,13835 6 14542 3,7883 3,4043 4,1347 6,12013 5 13779 2,5549 2 6683 5,8436 2 14834 6,10052 2
gap_cb846053b7748d7de9,3775 4,941 4 11159 5,1160 6 1802 6 9824 2,14562 6 16261 2,4221 3 4567 2 12251 3,13464 6,9515 3 12325 4 15596 2,835 3 5301 6 11197 4
gap_d34b5de2dd7db15056,12577 4 13647 3,4141 6,2728 5 3761 5 4842 6,143 5 5613 5 13228 4,1074 2 5698 3 9683 2,3005 5 13826 6,1951 3 14003 6,165 6 8631 3 14381 6
gap_74a515cb8a2c591a5c,66 4 4449 2 7355 2,7676 4 8368 5,7210 6,955 5 8553 4 12737 6,13248 3,2276 5 14108 6 15548 6,5322 3 10952 6 13023 4,46 2 1367 3 10363 2
gap_5df57ac0568c3bee18,11161 5,2779 6 5055 4 7618 4,2766 4 6928 6,7778 2 10221 2 16031 3,7209 3,4808 3,652 5,14230 5
gap_04666075328e55a6b9,6531 2,9148 3 10648 6 14845 3,7790 3,166 5 14802 6,1975 3 3747 3,7691 4,5940 2 6145 4,13127 4
gap_a3e3b1d28e503cf096,7875 4 10578 5,3775 6 12293 5,6835 5,7667 3 10775 3 12968 5,10320 3,3113 6 12247 4 14727 4,8770 5 10104 3 10926 5,10258 3 13043 3 15911 2
gap_edbc19e60caa49519b,1375 5 12153 6,3835 6 13012 6,6418 2 13460 4,1398 2 14687 6,4119 6,12882 5,9307 4 10651 6,1005 2 2492 3 6317 2
gap_dc6d21fe4251dc7c5d,3118 6,13254 2 13291 5,6202 3 14340 6,5933 2,2138 6,5796 5 10836 3,15084 6,11786 3 12246 6
gap_5291e53be54abab4f4,11167 2 13275 2 16106 6,9852 2 12943 3,2534 3 5621 6,14730 3,1984 3,7054 3 8146 4 11272 4,5033 5 6645 3 14842 2,1307 3 4009 4 9318 3
gap_4e37cd734d42d687c3,1093 3 6252 2 7568 6,3942 4 7671 6 15716 4,4004 5 6569 6 9360 6,6998 3 11751 2 14890 2,3387 3 8516 3 15371 3,3146 6 3206 5 13275 6,4488 5 9397 4,1380 4
gap_875e76c67368017dd0,1259 3 5422 5 11663 4,2878 5 7659 2 13849 3,1116 2,2014 6 3312 4 12907 5,1010 5 10339 5 10477 5,9510 3 10760 3 12188 6,2268 6 8357 2 10873 6,11329 3
gap_45728b0dfed4ad5c39,2676 5 13196 3 14940 6,13324 6 14093 5,15574 4,3193 6 5321 5 8001 2,6785 2 15885 2,9232 2 14597 2,2703 2 9371 4 13432 4,5906 5 6635 2 9172 2
gap_c9f10e4b082c0db22a,6411 2 8499 5 13242 4,13680 6 15385 4,4471 4 14248 3,14296 4,11564 6,3093 2 4032 6,4357 5,1628 4
gap_bcfb0e649badcb51be,10963 5,6247 4 9205 4,3863 4 13645 4,2982 6 5405 6 12101 6,4067 3 11142 4,4682 5 7703 5 11558 2,14528 2,4649 4 9538 6
gap_272470562221780932,9557 6,3400 5 10077 6 16051 3,2090 5 4933 3 6394 6,7719 6 15638 2,10786 3 12925 3 13577 6,22 3 14157 5,14745 2,10937 6
gap_3a9f95c49838c8cad7,8965 4 15093 3,10575 3,3778 6,9447 6 9547 2 14453 5,4252 4 11063 2,4751 5 9391 6 14857 3,7084 2 10133 4 11534 2,2919 5
gap_0e6865ba962fcf8fdb,5594 5,4346 3 6269 3,9732 4,1665 6 11310 5,709 6 13819 3,9494 4 12036 6,3467 6 8796 4,12533 6 14058 3
gap_6654054bdbec84360a,8226 6,6558 5,30 4 8714 5 10991 2,6478 2 9940 3,12221 2 13861 6,7837 3,14431 4,3855 5 12393 6 14320 6
gap_0970c67092e89f28db,3348 4 6340 4 12349 6,5477 5 7399 5 10061 5,7484 4 14508 4 16210 3,5253 2 8475 4 10667 2,6106 2 6484 6 12093 6,4785 2 6707 2 10933 3,1551 4 1853 2 5291 3,13179 6 15100 5
gap_5a27f80f7d4cebf5e1,3417 2 6251 4,821 2,944 2,3671 5 14573 5,14945 4,4925 2,11982 5,2840 3 6938 4
gap_9450b4d245916d29be,2457 5,1014 6 4691 6 5683 6,4055 6,10395 5,1130 2 11196 6 11591 6,6245 3,1292 2 11416 2,5382 3
gap_2cca034efa314136f7,5908 6 12935 2,14462 2,1016 3 10598 4 11870 5,8279 2 11255 4 11922 4,2319 3 7927 4,11270 3,15345 3,2356 5 6621 6 12330 3
gap_a1b38212b46c864c06,1315 5 5811 4,5755 6 7474 5,10072 5,8255 3 8436 4 11387 5,3900 4 5392 5,8684 4 9254 5 11058 4,521 6 7892 4,6021 6
gap_443f4c31aa58a3902e,12594 4 13612 2 13810 2,3577 4 12176 5,3559 4,9174 2 14744 3,13569 5,4123 3,4535 3,6609 6 12869 5 16350 2
gap_fea2704990f54318e3,13750 3,807 2 5945 2 7998 2,4621 6 6555 2,1722 6 3359 6 10918 5,3505 4 3531 2 3629 6,5426 5 14578 3,4668 2 11036 3 13610 6,4251 4
gap_afd25155703f222357,66 2 1112 4 5459 2,4584 4 6271 2 7870 2,3248 4 9029 4,9519 2,13247 6,6029 2 8789 5 14686 6,1195 6 9283 3,188 3 3310 4
gap_0346901ecc05c8a34d,3087 4 15810 6 15955 6,4091 4,7153 4,7980 5 13273 6,3953 3 7679 2 12339 5,7250 3,5628 2 8612 3,15837 2
gap_246e012dd6fc2c49c8,674 3 8218 3 8875 2,4199 3,12245 3,13070 3,3731 5 7225 5,10948 4,7153 4 7307 4 10238 3,4468 2 12986 5 14929 4
gap_8ffcb2a5cfb730f7ae,1648 2,7321 5,14136 5 15690 2 16098 3,3289 2 5781 4,1614 4 3847 6,10122 4,6705 4 7064 2,1137 6 10398 6
gap_e53893d3a0c9ae1948,7895 6 12776 2 16308 2,9841 5 13398 3,7228 2 13181 4,2377 5,3511 5 8005 3 12036 4,1887 2 14447 4,8287 5 9790 4,2474 5 4065 6 11057 5
gap_4233e676463e7bacf2,8837 3 16020 3,103 4 12869 2 13969 3,7495 5 12721 3 13375 3,14982 2,3792 4,6153 4 11204 2,3681 3 6328 3,5034 2 14284 3 15542 2
gap_708382906a0957cdd0,3902 4 9049 6 13148 4,468 2 4707 5 12602 3,4629 4,1722 2 7703 4 8013 5,218 6,14887 4,695 2 13439 2,5984 2
gap_4077306ba29f00146e,13960 2,643 3 15669 2,4552 2 15401 2,3567 6 4641 4 8809 4,1335 2,10520 3 11154 5 14571 5,1300 5,1454 3 12012 2
gap_18023af3b05c71744f,11185 4,1117 4 1463 3 10855 3,4946 3 7114 4 13849 6,3521 3 3812 6 14280 5,8566 3,6587 3 7825 5,7320 4,5123 6 10671 6
gap_5331fbe93846083209,2054 4,8928 3 15797 6,120 5,6710 5 8387 6 14907 3,14881 6,1627 6 10810 4,2912 5 14502 3,4276 5 4959 3 5012 6
gap_bb45dcc71c02074426,6073 2 9101 4 14034 3,1554 5 10116 5 10144 6,15301 2,5560 6,1181 4 4168 2 9533 6,9694 4 11060 4,5802 5 14547 6,7771 3
gap_ec31a3bdadf8b12e7b,7381 4 12732 5,399 3 1036 2 8628 6,3978 3,8343 2 15705 3,5462 6 8237 5,2618 2 4079 3,2891 5 7984 5 12655 3,2043 4 6117 5
gap_c5b7f36ad044ebc93b,2749 3 3013 6,3201 2 8221 6 10984 2,8761 4 10939 4 12763 3,721 2,8382 4 12200 3 12699 6,974 3 14405 5,13785 2,6679 5
gap_ce1a35d32a9ea95bda,2256 6 12716 2,14190 6,3353 5 13118 3,1730 4,11369 2,8679 6 11027 2,6427 2 14811 6,9406 5
gap_e078773414c87eeeda,3565 5 5173 4,2912 2,5230 6 10928 3 15733 5,862 2 12965 4 13189 6,2295 5 2528 2 7136 5,1614 2 8552 5 8869 6,3146 3 14498 4,784 5 8517 6 9245 5
gap_df27c2d8c943369c5a,12737 2,5705 3 6750 3 13251 4,1603 6 3927 6,10767 4 11148 5 14003 2,3453 2 5870 3 8693 6,1636 2 8088 2 8969 5,3234 3 4052 6 4134 3,2764 4 6397 2 12463 3
gap_f2dc3c5540177b89f8,8438 2 10400 2 11091 3,4213 6 6064 3 14456 6,1420 5,9091 2 14767 6,6454 3 6559 2 8392 2,915 4,3898 5,6267 2 11107 3
gap_e80b20444333fc5207,88 4 3622 6 14673 5,7139 5,543 4,1969 6 8754 4 16258 2,6111 6,2689 2 9565 5 13179 6,1555 5,2862 3 3972 5
gap_331130100333bdab5e,3083 4,6680 6 11762 6,330 4,4569 6 10539 2 15157 2,12589 4 13356 2,7570 6 14508 4,4230 6,7655 6 14165 5 14521 2
gap_18f8632bc530d5392c,3987 6 10628 5,7170 2,8624 2 11457 4 13886 2,12781 5,3621 5 5817 5 6372 4,5200 3 5311 4,7409 2 11097 6 11884 4,5985 3 10104 5 11477 3
gap_28600760b8e17c8bbb,4863 2 6245 5 14505 2,7662 5,43 6 2525 2,603 2 9920 5 14149 3,5041 2 11796 3 12761 6,1540 4 1697 2 9999 3,5796 2 5881 4,3116 5 11526 3 13350 2
gap_044d32185c61a499b9,12732 2,961 2 8344 3 11577 4,3185 5,10951 2 11849 2,6770 6,8027 3 11176 5,46 3 5353 6,6176 2
gap_8d5d988a4c0647bb04,2662 3,6634 3 15860 4,9879 3 10800 4,3088 2,12273 2 15832 2,702 2 12706 3,1631 5 8245 6 14658 5,10586 4
gap_cfedc43d9bb50f3144,1117 6 8897 3 15192 3,5139 4 7245 3 13162 6,1648 2,163 5 15283 5,9320 5 11553 5 12706 5,5238 4 12577 5,5327 4 11057 4 14152 6,2189 2 4220 5
gap_6e3d3454e9c0a41b61,2049 2,1258 5 11750 6 15378 5,1360 5 13625 5,2134 5 4125 6 6965 5,8916 3 11122 2,4247 2,4300 4 13795 6 14376 5,4203 4 13424 4
gap_b83e40728c115068cd,13231 6 14783 5,628 5 7051 6,2773 5 7161 6 8094 3,2975 5 7890 2 16320 2,4228 5 11335 5,5831 4 15039 2,4650 2 13120 2,6509 2 14880 6 15646 3
gap_d6bc0b33820ca2feda,10421 5,4475 2 15726 6,6755 6 7045 5,15855 4 16323 5,2644 2 3274 6 3476 5,5828 4 7853 2 12468 6,8278 4,7826 3 15077 5 16283 2
gap_3c4648d34568750b21,15683 2,3787 6 5259 2 8556 4,5771 2,7733 6 12683 6,8309 6 9443 5,16223 2,6865 6,15539 2
gap_20e35293d88e2dacf0,9834 6,6594 4 7583 2 12152 4,1001 2 13002 2,1174 4 10529 3,2463 4 6502 5 13914 3,2099 6 8959 2 11588 6,5003 4,391 4 1038 4 4306 4
gap_af1ce2cdf4e4bd442a,9463 5 10715 3,10501 6 13480 4,14507 4,2820 2 8921 4,3417 4,13249 3 13463 3 13989 5,15632 2,9091 2
gap_3dcaaa79d5e18cc4a0,3120 2 6123 2,3610 3 7721 6 15563 2,6618 5 8803 2,4879 2 9409 4 9998 6,8333 3,13683 4 15109 5,77 3 8140 5,7453 3
gap_7bbf8ebe5c778bdd41,6224 2 9712 3,11959 6,4305 6 4454 6,6630 2 12619 4,11953 4 13627 6,6710 6,11487 2,2637 3 7200 4 14366 5
gap_e780d89ca9ed581bfd,1634 2 15668 6,6352 4 10815 5 14605 4,1566 5 16133 6,832 2 11849 3 15865 3,1364 3 4981 6 12878 5,6853 4,6331 3 12411 5,3803 6 15344 4
gap_d7546bd86462977fae,1734 3,7984 4,12063 6 14419 4,2095 3 7141 6 9533 2,14612 6 15200 6,3858 5 7459 3,3566 4 11001 6,14655 6
gap_05719b4831db326b16,10711 6,9862 3 15314 4 16027 3,5817 4 8025 3,6340 2 7632 4,10200 6 11448 5 15118 5,2220 6 16298 4,1012 2 12238 2 13078 5,4536 3
gap_0b5563dba90f6ec578,1621 6 6847 2,4453 6,16105 5,12871 2,1126 5 9012 5,7064 5 12241 5,10589 2 11389 4 12318 3,178 4 1468 2 9654 4
gap_1515583b80211b5306,6768 5,13935 3,10083 6 13127 6 14264 6,10848 3,5483 6 6624 2 7705 2,15058 4,1616 6 12065 6,2961 3
gap_ea901d7810723da5b6,5469 5,8827 5 9679 4 10798 5,2756 5 13105 2,4225 3,2024 6 3574 3 3922 3,1681 6 5162 3 10405 6,7841 2,4512 4 5179 5 15297 2
gap_ff0b8523bc999d7d88,2676 6 3274 4 15769 4,10838 6,2617 4 12368 6,11897 6,155 6 2495 6 5228 4,14158 5,5253 3 8363 4,5798 3 14184 4
gap_7fb7210c16d73cf70b,13909 5,4195 3 4734 2,2773 3 11534 2,418 5 1416 2,14593 6,5400 5 5931 5 15242 5,2380 4,15728 6
gap_64974333c0a471018f,626 2 3673 5 9796 6,9482 2,2106 4 9771 5,11942 3 11957 3,1977 3 9656 4,2702 6 3108 3 6889 5,16014 5,1090 4 7285 4
gap_2f0702879e205c2c16,5028 2 14417 6,6970 6 15239 5,594 4 9180 5 10142 5,7898 2,7221 3 8816 4 12112 2,10657 6 11858 6 15449 4,9826 5 10010 6 11972 2,1061 5
gap_7a51006b7abac421c5,2999 2 9001 4 14499 5,6583 2 14861 6 15847 6,4455 5,5170 5,4866 6 12137 6,2117 2 11660 4 13804 2,13889 2,10385 4
gap_14fafb50d6b7e32f9e,6254 5,3504 4 8935 2 13586 6,5782 2 15138 3,10747 6,1459 5 15808 3,5160 5 8984 2 9474 4,9466 6 12266 6 12284 3,1527 6 13928 6 16340 6
gap_af31d51c9eb4aef57b,7335 5,14150 6,7786 6,11798 6,6166 5 10289 2,3783 5 7407 3,4855 6,1937 5 4142 4 4307 6
gap_e3291d1a7d6d1ed175,3664 3,74 3 4500 2,10321 4 12463 6,12639 2,12586 6,9690 2,5396 2 14626 4,7566 3 7733 2 13756 2
gap_ee158c193a0cb4e8f5,7589 6,13910 5,1551 4,12111 3 14240 3,4122 5 13680 5 15379 4,3408 3,2702 6 6722 3 8485 4,3970 5 4722 5 7391 5
gap_df0b05f9b941fdd2a5,9774 4 12124 4,4043 6 13934 4 14806 5,5929 3 10237 4 13347 4,1731 2 13915 3,162 4,4236 6 9626 5,14671 4,9692 4
gap_d5109553a48359545f,8892 3,14222 2,9174 3 15844 4,11002 2 13873 6,12976 4,6407 4 12378 3,9551 5,6013 3 12185 2
gap_23c818f8c6cff2257b,4585 4 13763 4,2512 4 7502 2 8939 2,2921 3 16304 5,1480 2 15116 4,15374 6,5787 3,1680 6,1178 6 10430 2
gap_aef9032019a555e532,601 5 9698 4 14136 3,10227 5 11055 2,4981 6,3091 2 7939 2,11856 4,6295 5 13552 4,6457 6 15708 6 15737 6,8237 3 13938 6 14129 5
gap_c6e7c0ccbc1ad33958,8157 5,907 4,663 3 8566 5,8252 5 13867 3,2026 3 6322 5 13710 6,7342 6 10906 6 12511 4,6596 5 9107 2 12383 4,8138 4 9011 3 15689 3
gap_07140920855425927b,16172 6,221 2 1778 6,6053 5,287 3 7026 6 13786 2,1677 2 2215 4 10812 6,5549 5 12216 3,6943 4,15898 6
gap_f96037135780825463,6572 5 10971 6 14963 2,1322 2 11141 5 13175 3,2942 3 11129 6,3976 2 4124 5 13669 6,1227 5 11108 3,5883 6,7723 2 11265 5,7803 4 9118 3 13036 4
gap_350b99f73cfe4df065,6204 2 10271 5 12866 5,9230 2 13652 4,1605 2 3376 3,7464 6 10228 4 13194 3,3054 6 8107 6 11762 2,1229 2 7070 3,2221 5,1622 6 4102 4 13405 2
gap_bf7399ac620e1ee83d,3833 2 12520 6,4394 6 15187 6,1668 4 7630 3 8173 2,2330 4 7811 3,344 3 4566 4,7188 2,3784 6 13461 2,4535 3 12087 2 15298 5
gap_a71d591740824199cc,649 2 11299 2,1121 5,8577 3,2777 4 8950 4 12917 6,9019 2 12870 2 15093 2,3705 2 7159 4 13410 2,9923 3,3409 2
gap_7cb0ae1c16cbfb099f,516 3 970 6 11989 6,9785 6 11708 3,16086 6,463 3 2134 4 3951 6,984 3 11728 5 14764 2,9233 6 10415 2 12186 2,1307 3,9819 2 11786 6
gap_ef46ae94fc874b2c89,8355 2,5239 2,7232 3 12207 5,1355 2 10278 2 11948 4,1613 6 14680 5,585 4 7426 3 14784 2,1449 4 13783 6 14524 3,3045 5 8926 3 15364 4
gap_d2af3e21b114053643,5801 6 6384 2 14339 6,1072 5 11080 4,2906 5,5306 3 12620 6,2631 5 6580 5 15316 3,4268 4 5300 4 13292 5,2228 6 9462 4,6738 6 6957 4 12875 4
gap_fda66bb629dd260e7b,10920 5 11157 6,10837 6,8718 2,9589 2 13138 5,8839 3 10805 6 11016 2,3033 4 12595 4,10706 5,1089 4 6050 5 11698 3
gap_a43484ebaab93fe9c3,8643 2,3970 2 4088 2 8991 3,6242 4,13085 4,2446 3,4570 4 9948 4 11982 4,1177 4 1796 6 4696 3,10528 3 14318 2
gap_4648b8dcac306de7ff,8833 4,5771 4 10096 2 15161 5,2006 5 10678 2,10960 5 15418 2,15850 5,4465 4,13997 4,604 4 5353 5 9527 3
gap_0697157dd0aa429b10,9493 5 10361 4 11784 6,3930 2,629 3 7341 6,3283 2,438 6 5738 5,1519 4 5403 6,4911 2 9872 6,8031 4 8065 6
gap_8a70525cffc6fe4c8b,10497 3,4963 2 9605 6 16361 6,10870 4,4482 2 11309 3 11337 3,10826 2 12010 2,8394 5 14293 3 15804 6,7294 3 15971 4,3 2 7127 6
gap_950311405bdf595a9a,14058 6,4187 5 6340 3 14792 4,4681 2 9775 2 15980 4,11524 3,1261 5 1435 4,16375 6,882 6 6839 4 7404 5,4017 5 11422 6 15416 4
gap_2ccfd4c7276dde0d4c,1906 4 5437 2 10218 4,2110 3 9605 5 12083 2,6823 3,1838 3,4171 5 9378 5 10476 6,2162 5 2801 3 4451 6,5390 4 9112 3,115 3 2309 4 10187 6
gap_28d4ec0ecfcb668de1,1906 2 4852 6,13272 5,15328 6,14204 5 14702 2,15866 3,10868 6,1956 2 7082 6 14748 2,3216 5 5203 4
gap_890eb2b86ab9c1072c,3459 3 8627 6,4539 3 5771 5,10175 4,9224 6 14810 3,988 4 9331 4,4931 3 15589 2,12519 2 14101 6 14380 6,4403 5
gap_7e2da657dd8acc571b,5873 5 14502 5 14831 5,16244 6,2844 3 8180 5 13027 3,6354 2 14047 6 15859 2,10701 2,9293 5 10914 3,4878 2 10121 4 12964 5,6815 2
gap_c658252b675ea3ab92,12740 6,2567 4,51 6 11131 3 13135 4,2969 3 4769 6 11067 6,1020 2 14354 2 14942 6,8744 5,10549 4,2366 4 10345 5
gap_6dd866dfa9799d01f4,628 5 10785 4 11860 6,8359 5,7254 5 14173 6 14627 2,4497 6,6824 6,606 3 14710 2,10631 4,3783 2 14816 3 16251 5
gap_b6f51dc44fae47973d,1676 4 11215 5,917 2 4865 6 12434 3,5899 2 9662 6 11855 4,8341 5 9452 3 9498 3,1751 6 13335 6,16163 2,11232 5 13888 5 16024 4,7667 3 12868 3
gap_baeabbdbe1e0d2c16d,11051 2 15165 5,7308 5 9975 3 14741 6,1383 3 2610 5,5222 5,3767 5 13852 3,2245 4 12722 3,3472 6 9205 3 11840 5,4844 4 5266 5 11030 6
gap_dc0dd15c7a996e02a0,4923 6,7462 5 7996 2,85 2 2896 4 7899 2,1283 6 7237 5 12315 2,5158 6 6955 6,446 2 15526 4,815 6 12217 4 14271 6,215 2
gap_e808b71fee0e447ca2,5012 4,11127 3,9489 5,7766 4 8849 6 16316 5,9797 2,11696 6 12784 5,15567 5,1227 3 10618 6 11032 2
gap_04ce3202723de0a400,1215 6 3578 4 6816 3,1852 5,8207 3 9715 3,8689 4 9555 6 13956 5,5407 2,5161 4 5240 5 15892 4,12287 2,9014 6 11533 6
gap_654f65ed76b3faf5cc,4700 2,1838 4 8907 5 14096 5,9240 4,6346 6,1980 2,15902 2,15371 2,8108 3 10942 6
gap_6bfba962f1b5656a7f,14513 5,1875 3 13573 2 16212 6,6332 2 10186 3,5713 6,9700 2 13031 3,1217 3 2593 4 4032 5,658 3 16366 6,4997 5 10234 3 13585 6
gap_fc8f918247b622be77,6003 4 10783 2,4038 5,6625 2 14099 4,388 2 8285 5 10375 3,16141 4,3011 5 7560 2 7863 2,11499 2 11596 5 14731 4,3165 4 3239 2 11933 5
gap_e52686a3b6a8b6bb34,15575 2,164 4 12735 2,4406 5 16001 5,89 3 4560 5,9518 3,5426 2,736 5 5983 6,14106 6
gap_5792784b0e3e8f5ec5,14184 5,9131 6,9456 5 13536 4,5958 4,3867 2 15529 4 15767 2,5182 2,13795 3,13673 5
gap_4a74c893d45b532806,2538 3 7512 4,4185 3 7685 3 15855 6,6209 5 10118 4,6134 4 8536 6 9422 3,222 3 15689 5,2551 6 12857 6 13464 5,1213 4 3292 5 10552 3,1025 6 10565 2 14024 2
gap_311407457602aaa05a,2299 3 13024 4,5671 2 14855 6,10516 5 15267 5 15689 4,3503 4 13189 5,12990 5,9636 4 10129 6 11503 3,4640 6 4673 6 16309 6,14070 4
gap_61f68b922800ea043b,3787 4 5328 4 9360 4,6933 6 10900 2,875 4 10851 2 14678 2,7494 4 8926 6,14745 2 15584 6,9931 6 13603 4,4700 5,6286 5 13114 4 15636 3
