case_id,volume_id,image_path,mask_path,height,width,context_gap_slices
gap_48140d1fe19327ea52,vol_77aa82f16f22a1,train_images/gap_48140d1fe19327ea52.png,train_masks/gap_48140d1fe19327ea52_mask.png,128,128,2
gap_5018b4753db1894cb4,vol_acc3478573c47a,train_images/gap_5018b4753db1894cb4.png,train_masks/gap_5018b4753db1894cb4_mask.png,128,128,2
gap_bdbd2e2d19a7de1c29,vol_df67145908d8e5,train_images/gap_bdbd2e2d19a7de1c29.png,train_masks/gap_bdbd2e2d19a7de1c29_mask.png,128,128,2
gap_f200a7863ceb44ca2a,vol_582f475d9ae3c1,train_images/gap_f200a7863ceb44ca2a.png,train_masks/gap_f200a7863ceb44ca2a_mask.png,128,128,2
gap_39d0db065112938b9c,vol_7c2bb60117e276,train_images/gap_39d0db065112938b9c.png,train_masks/gap_39d0db065112938b9c_mask.png,128,128,2
gap_696fa765efbeecc220,vol_4921800804a976,train_images/gap_696fa765efbeecc220.png,train_masks/gap_696fa765efbeecc220_mask.png,128,128,2
gap_5ef1a7f692a01a3d17,vol_7c2bb60117e276,train_images/gap_5ef1a7f692a01a3d17.png,train_masks/gap_5ef1a7f692a01a3d17_mask.png,128,128,2
gap_b079b64dcd86dce49e,vol_c398dbdcbc3d28,train_images/gap_b079b64dcd86dce49e.png,train_masks/gap_b079b64dcd86dce49e_mask.png,128,128,2
gap_e19592855d6be13182,vol_77aa82f16f22a1,train_images/gap_e19592855d6be13182.png,train_masks/gap_e19592855d6be13182_mask.png,128,128,2
gap_c48b84d1a77e2dcde4,vol_cc15e1b51df496,train_images/gap_c48b84d1a77e2dcde4.png,train_masks/gap_c48b84d1a77e2dcde4_mask.png,128,128,2
gap_7538a315f6b800653b,vol_bf8936cd6d47c7,train_images/gap_7538a315f6b800653b.png,train_masks/gap_7538a315f6b800653b_mask.png,128,128,2
gap_934a8ab9687fddea5d,vol_15b79aa9978e3e,train_images/gap_934a8ab9687fddea5d.png,train_masks/gap_934a8ab9687fddea5d_mask.png,128,128,2
gap_6f8c08106772f9fda8,vol_804c999e4daf42,train_images/gap_6f8c08106772f9fda8.png,train_masks/gap_6f8c08106772f9fda8_mask.png,128,128,2
gap_949779951490b6e248,vol_fb0999f09bcfd8,train_images/gap_949779951490b6e248.png,train_masks/gap_949779951490b6e248_mask.png,128,128,2
gap_e0652065fbdef8f68e,vol_1597aa55748da6,train_images/gap_e0652065fbdef8f68e.png,train_masks/gap_e0652065fbdef8f68e_mask.png,128,128,2
gap_5e23f69e0e1d9d3757,vol_098348610cc349,train_images/gap_5e23f69e0e1d9d3757.png,train_masks/gap_5e23f69e0e1d9d3757_mask.png,128,128,2
gap_a6c046ed6aa8435673,vol_654a3a5ce18fe4,train_images/gap_a6c046ed6aa8435673.png,train_masks/gap_a6c046ed6aa8435673_mask.png,128,128,2
gap_d8234632e1593cef18,vol_77aa82f16f22a1,train_images/gap_d8234632e1593cef18.png,train_masks/gap_d8234632e1593cef18_mask.png,128,128,2
gap_428a48c697b8281b4f,vol_208dbc1a6f30e7,train_images/gap_428a48c697b8281b4f.png,train_masks/gap_428a48c697b8281b4f_mask.png,128,128,2
gap_6fcdf57e1072001ee2,vol_77aa82f16f22a1,train_images/gap_6fcdf57e1072001ee2.png,train_masks/gap_6fcdf57e1072001ee2_mask.png,128,128,2
gap_c2043115a6f8a14834,vol_098348610cc349,train_images/gap_c2043115a6f8a14834.png,train_masks/gap_c2043115a6f8a14834_mask.png,128,128,2
gap_79ce3486ecc904efe4,vol_e94f442ad07ae7,train_images/gap_79ce3486ecc904efe4.png,train_masks/gap_79ce3486ecc904efe4_mask.png,128,128,2
gap_3d9c2497abef32cf76,vol_fb0999f09bcfd8,train_images/gap_3d9c2497abef32cf76.png,train_masks/gap_3d9c2497abef32cf76_mask.png,128,128,2
gap_0e080381ff9874c8ee,vol_cc15e1b51df496,train_images/gap_0e080381ff9874c8ee.png,train_masks/gap_0e080381ff9874c8ee_mask.png,128,128,2
gap_d8b86a6a3bef74202f,vol_582f475d9ae3c1,train_images/gap_d8b86a6a3bef74202f.png,train_masks/gap_d8b86a6a3bef74202f_mask.png,128,128,2
gap_475b2f895508a0c6cc,vol_654a3a5ce18fe4,train_images/gap_475b2f895508a0c6cc.png,train_masks/gap_475b2f895508a0c6cc_mask.png,128,128,2
gap_5bd11c02967752cd86,vol_33b65bfabfd9b8,train_images/gap_5bd11c02967752cd86.png,train_masks/gap_5bd11c02967752cd86_mask.png,128,128,2
gap_16b9014661a17690fc,vol_cc15e1b51df496,train_images/gap_16b9014661a17690fc.png,train_masks/gap_16b9014661a17690fc_mask.png,128,128,2
gap_d9adcf5d5ceeb5c0ca,vol_098348610cc349,train_images/gap_d9adcf5d5ceeb5c0ca.png,train_masks/gap_d9adcf5d5ceeb5c0ca_mask.png,128,128,2
gap_3ee3283e5a9b5f9080,vol_4921800804a976,train_images/gap_3ee3283e5a9b5f9080.png,train_masks/gap_3ee3283e5a9b5f9080_mask.png,128,128,2
gap_77945faa7f2352a6a9,vol_df67145908d8e5,train_images/gap_77945faa7f2352a6a9.png,train_masks/gap_77945faa7f2352a6a9_mask.png,128,128,2
gap_588d495fc3c14958e6,vol_c398dbdcbc3d28,train_images/gap_588d495fc3c14958e6.png,train_masks/gap_588d495fc3c14958e6_mask.png,128,128,2
gap_934edc417f8325c4cb,vol_cc15e1b51df496,train_images/gap_934edc417f8325c4cb.png,train_masks/gap_934edc417f8325c4cb_mask.png,128,128,2
gap_6a7de3f31b1ca960bc,vol_33b65bfabfd9b8,train_images/gap_6a7de3f31b1ca960bc.png,train_masks/gap_6a7de3f31b1ca960bc_mask.png,128,128,2
gap_e2e01f4c5572d626ba,vol_1a255ee24e8826,train_images/gap_e2e01f4c5572d626ba.png,train_masks/gap_e2e01f4c5572d626ba_mask.png,128,128,2
gap_2235cfb11525f2dcd9,vol_1597aa55748da6,train_images/gap_2235cfb11525f2dcd9.png,train_masks/gap_2235cfb11525f2dcd9_mask.png,128,128,2
gap_9c3e42fd1423c14673,vol_acc3478573c47a,train_images/gap_9c3e42fd1423c14673.png,train_masks/gap_9c3e42fd1423c14673_mask.png,128,128,2
gap_a98f8c1ba77d057e73,vol_582f475d9ae3c1,train_images/gap_a98f8c1ba77d057e73.png,train_masks/gap_a98f8c1ba77d057e73_mask.png,128,128,2
gap_5181bf453323894ef9,vol_7f10b15f19851d,train_images/gap_5181bf453323894ef9.png,train_masks/gap_5181bf453323894ef9_mask.png,128,128,2
gap_7f0547ad489212f307,vol_77aa82f16f22a1,train_images/gap_7f0547ad489212f307.png,train_masks/gap_7f0547ad489212f307_mask.png,128,128,2
gap_95ec2ad0c21c78dcfa,vol_c5df574b89be34,train_images/gap_95ec2ad0c21c78dcfa.png,train_masks/gap_95ec2ad0c21c78dcfa_mask.png,128,128,2
gap_4f27dc9c20525f7314,vol_582f475d9ae3c1,train_images/gap_4f27dc9c20525f7314.png,train_masks/gap_4f27dc9c20525f7314_mask.png,128,128,2
gap_2cb3947ed3afa65e00,vol_e4edb523870541,train_images/gap_2cb3947ed3afa65e00.png,train_masks/gap_2cb3947ed3afa65e00_mask.png,128,128,2
gap_280efda61b0dce01c5,vol_acc3478573c47a,train_images/gap_280efda61b0dce01c5.png,train_masks/gap_280efda61b0dce01c5_mask.png,128,128,2
gap_d41613745d75eb7863,vol_33b65bfabfd9b8,train_images/gap_d41613745d75eb7863.png,train_masks/gap_d41613745d75eb7863_mask.png,128,128,2
gap_01f73a4406a048df45,vol_e4edb523870541,train_images/gap_01f73a4406a048df45.png,train_masks/gap_01f73a4406a048df45_mask.png,128,128,2
gap_cf89ac6d2bec7028c0,vol_2f13f6086c74f2,train_images/gap_cf89ac6d2bec7028c0.png,train_masks/gap_cf89ac6d2bec7028c0_mask.png,128,128,2
gap_29fa03ee7d2296f083,vol_df67145908d8e5,train_images/gap_29fa03ee7d2296f083.png,train_masks/gap_29fa03ee7d2296f083_mask.png,128,128,2
gap_9491667038ca1df9ca,vol_df67145908d8e5,train_images/gap_9491667038ca1df9ca.png,train_masks/gap_9491667038ca1df9ca_mask.png,128,128,2
gap_8da9744862cb33ca95,vol_4921800804a976,train_images/gap_8da9744862cb33ca95.png,train_masks/gap_8da9744862cb33ca95_mask.png,128,128,2
gap_955d9a360d16669bc7,vol_acc3478573c47a,train_images/gap_955d9a360d16669bc7.png,train_masks/gap_955d9a360d16669bc7_mask.png,128,128,2
gap_ed1922181baf1b9db1,vol_098348610cc349,train_images/gap_ed1922181baf1b9db1.png,train_masks/gap_ed1922181baf1b9db1_mask.png,128,128,2
gap_4bcc30d0adb61653f5,vol_e94f442ad07ae7,train_images/gap_4bcc30d0adb61653f5.png,train_masks/gap_4bcc30d0adb61653f5_mask.png,128,128,2
gap_60f930098ab1f9ec27,vol_7c2bb60117e276,train_images/gap_60f930098ab1f9ec27.png,train_masks/gap_60f930098ab1f9ec27_mask.png,128,128,2
gap_1981116eecfe75354b,vol_804c999e4daf42,train_images/gap_1981116eecfe75354b.png,train_masks/gap_1981116eecfe75354b_mask.png,128,128,2
gap_79fe312bfecfd39fe8,vol_df67145908d8e5,train_images/gap_79fe312bfecfd39fe8.png,train_masks/gap_79fe312bfecfd39fe8_mask.png,128,128,2
gap_8ec71e5a9a02c9c18d,vol_4921800804a976,train_images/gap_8ec71e5a9a02c9c18d.png,train_masks/gap_8ec71e5a9a02c9c18d_mask.png,128,128,2
gap_18b0328cf6df9cea0b,vol_acc3478573c47a,train_images/gap_18b0328cf6df9cea0b.png,train_masks/gap_18b0328cf6df9cea0b_mask.png,128,128,2
gap_75cee8646802f1e3de,vol_804c999e4daf42,train_images/gap_75cee8646802f1e3de.png,train_masks/gap_75cee8646802f1e3de_mask.png,128,128,2
gap_462c1c678700e96d8e,vol_c398dbdcbc3d28,train_images/gap_462c1c678700e96d8e.png,train_masks/gap_462c1c678700e96d8e_mask.png,128,128,2
gap_b1ce03c7725aecd901,vol_47a13de6fd8f69,train_images/gap_b1ce03c7725aecd901.png,train_masks/gap_b1ce03c7725aecd901_mask.png,128,128,2
gap_643af59f6f8c5933d3,vol_acc3478573c47a,train_images/gap_643af59f6f8c5933d3.png,train_masks/gap_643af59f6f8c5933d3_mask.png,128,128,2
gap_49c526f12f8d63d0ff,vol_582f475d9ae3c1,train_images/gap_49c526f12f8d63d0ff.png,train_masks/gap_49c526f12f8d63d0ff_mask.png,128,128,2
gap_6fd02f7e1cb53b54ba,vol_c398dbdcbc3d28,train_images/gap_6fd02f7e1cb53b54ba.png,train_masks/gap_6fd02f7e1cb53b54ba_mask.png,128,128,2
gap_306038a052cdb71731,vol_208dbc1a6f30e7,train_images/gap_306038a052cdb71731.png,train_masks/gap_306038a052cdb71731_mask.png,128,128,2
gap_984bd56128d1be5a68,vol_7f10b15f19851d,train_images/gap_984bd56128d1be5a68.png,train_masks/gap_984bd56128d1be5a68_mask.png,128,128,2
gap_d19aea2c731efe012b,vol_c5df574b89be34,train_images/gap_d19aea2c731efe012b.png,train_masks/gap_d19aea2c731efe012b_mask.png,128,128,2
gap_60a6be646484317b23,vol_e4edb523870541,train_images/gap_60a6be646484317b23.png,train_masks/gap_60a6be646484317b23_mask.png,128,128,2
gap_5cea42c84b731306f6,vol_c5df574b89be34,train_images/gap_5cea42c84b731306f6.png,train_masks/gap_5cea42c84b731306f6_mask.png,128,128,2
gap_e3ea9d1ec836614d51,vol_cc15e1b51df496,train_images/gap_e3ea9d1ec836614d51.png,train_masks/gap_e3ea9d1ec836614d51_mask.png,128,128,2
gap_ace2fbc28843294767,vol_804c999e4daf42,train_images/gap_ace2fbc28843294767.png,train_masks/gap_ace2fbc28843294767_mask.png,128,128,2
gap_5a11177302086af6d5,vol_fb0999f09bcfd8,train_images/gap_5a11177302086af6d5.png,train_masks/gap_5a11177302086af6d5_mask.png,128,128,2
gap_42243455c6feab3aae,vol_7f10b15f19851d,train_images/gap_42243455c6feab3aae.png,train_masks/gap_42243455c6feab3aae_mask.png,128,128,2
gap_783e0df0c93e79bd42,vol_f49d4c16233570,train_images/gap_783e0df0c93e79bd42.png,train_masks/gap_783e0df0c93e79bd42_mask.png,128,128,2
gap_87a4e9d98624df43b1,vol_cc15e1b51df496,train_images/gap_87a4e9d98624df43b1.png,train_masks/gap_87a4e9d98624df43b1_mask.png,128,128,2
gap_da4c0ea9d87e37b652,vol_f49d4c16233570,train_images/gap_da4c0ea9d87e37b652.png,train_masks/gap_da4c0ea9d87e37b652_mask.png,128,128,2
gap_4eab0ce81a289f0cf3,vol_2f13f6086c74f2,train_images/gap_4eab0ce81a289f0cf3.png,train_masks/gap_4eab0ce81a289f0cf3_mask.png,128,128,2
gap_32069ac9326edd6dbd,vol_f49d4c16233570,train_images/gap_32069ac9326edd6dbd.png,train_masks/gap_32069ac9326edd6dbd_mask.png,128,128,2
gap_32386d024253356cf8,vol_2f13f6086c74f2,train_images/gap_32386d024253356cf8.png,train_masks/gap_32386d024253356cf8_mask.png,128,128,2
gap_49f5a08f858afdbb77,vol_bf8936cd6d47c7,train_images/gap_49f5a08f858afdbb77.png,train_masks/gap_49f5a08f858afdbb77_mask.png,128,128,2
gap_0ac089e3b631a2126d,vol_47a13de6fd8f69,train_images/gap_0ac089e3b631a2126d.png,train_masks/gap_0ac089e3b631a2126d_mask.png,128,128,2
gap_af70fdf17621653629,vol_654a3a5ce18fe4,train_images/gap_af70fdf17621653629.png,train_masks/gap_af70fdf17621653629_mask.png,128,128,2
gap_cc49bccaedc16ce729,vol_c398dbdcbc3d28,train_images/gap_cc49bccaedc16ce729.png,train_masks/gap_cc49bccaedc16ce729_mask.png,128,128,2
gap_98853c09e74f4f021b,vol_1597aa55748da6,train_images/gap_98853c09e74f4f021b.png,train_masks/gap_98853c09e74f4f021b_mask.png,128,128,2
gap_ac5b425c344fa74306,vol_33b65bfabfd9b8,train_images/gap_ac5b425c344fa74306.png,train_masks/gap_ac5b425c344fa74306_mask.png,128,128,2
gap_bb47173402a248523a,vol_1597aa55748da6,train_images/gap_bb47173402a248523a.png,train_masks/gap_bb47173402a248523a_mask.png,128,128,2
gap_583bcf7a55bb95e053,vol_77aa82f16f22a1,train_images/gap_583bcf7a55bb95e053.png,train_masks/gap_583bcf7a55bb95e053_mask.png,128,128,2
gap_62a077bf735ce0389b,vol_df67145908d8e5,train_images/gap_62a077bf735ce0389b.png,train_masks/gap_62a077bf735ce0389b_mask.png,128,128,2
gap_1651a6ea465062c6df,vol_804c999e4daf42,train_images/gap_1651a6ea465062c6df.png,train_masks/gap_1651a6ea465062c6df_mask.png,128,128,2
gap_afde7de7a675bd2423,vol_4921800804a976,train_images/gap_afde7de7a675bd2423.png,train_masks/gap_afde7de7a675bd2423_mask.png,128,128,2
gap_a1f8f4773fe5d951b5,vol_2f13f6086c74f2,train_images/gap_a1f8f4773fe5d951b5.png,train_masks/gap_a1f8f4773fe5d951b5_mask.png,128,128,2
gap_a272aa4c2487c31f4c,vol_33b65bfabfd9b8,train_images/gap_a272aa4c2487c31f4c.png,train_masks/gap_a272aa4c2487c31f4c_mask.png,128,128,2
gap_993cceaecdf717594d,vol_098348610cc349,train_images/gap_993cceaecdf717594d.png,train_masks/gap_993cceaecdf717594d_mask.png,128,128,2
gap_d9a38653b214f01f30,vol_228e2671e29326,train_images/gap_d9a38653b214f01f30.png,train_masks/gap_d9a38653b214f01f30_mask.png,128,128,2
gap_9b3c8450b9dd43795d,vol_7f10b15f19851d,train_images/gap_9b3c8450b9dd43795d.png,train_masks/gap_9b3c8450b9dd43795d_mask.png,128,128,2
gap_15cdfc66c3129013be,vol_15b79aa9978e3e,train_images/gap_15cdfc66c3129013be.png,train_masks/gap_15cdfc66c3129013be_mask.png,128,128,2
gap_9b8da89ecd14bf9238,vol_fb0999f09bcfd8,train_images/gap_9b8da89ecd14bf9238.png,train_masks/gap_9b8da89ecd14bf9238_mask.png,128,128,2
gap_aa225be7e927ced513,vol_654a3a5ce18fe4,train_images/gap_aa225be7e927ced513.png,train_masks/gap_aa225be7e927ced513_mask.png,128,128,2
gap_4e3bf3eeca77f292ea,vol_228e2671e29326,train_images/gap_4e3bf3eeca77f292ea.png,train_masks/gap_4e3bf3eeca77f292ea_mask.png,128,128,2
gap_1428b6eab9c56df8b3,vol_df67145908d8e5,train_images/gap_1428b6eab9c56df8b3.png,train_masks/gap_1428b6eab9c56df8b3_mask.png,128,128,2
gap_cf79194eb9f0c5a969,vol_228e2671e29326,train_images/gap_cf79194eb9f0c5a969.png,train_masks/gap_cf79194eb9f0c5a969_mask.png,128,128,2
gap_71ca10d5e437a3fb3f,vol_e94f442ad07ae7,train_images/gap_71ca10d5e437a3fb3f.png,train_masks/gap_71ca10d5e437a3fb3f_mask.png,128,128,2
gap_121dac15c3edf15e32,vol_f49d4c16233570,train_images/gap_121dac15c3edf15e32.png,train_masks/gap_121dac15c3edf15e32_mask.png,128,128,2
gap_ec635c5dfa091c2a69,vol_fb0999f09bcfd8,train_images/gap_ec635c5dfa091c2a69.png,train_masks/gap_ec635c5dfa091c2a69_mask.png,128,128,2
gap_4ed01eabbf882f5d13,vol_df67145908d8e5,train_images/gap_4ed01eabbf882f5d13.png,train_masks/gap_4ed01eabbf882f5d13_mask.png,128,128,2
gap_685427ecfd6107f274,vol_7f10b15f19851d,train_images/gap_685427ecfd6107f274.png,train_masks/gap_685427ecfd6107f274_mask.png,128,128,2
gap_40e39e3a1e4d856a76,vol_1a255ee24e8826,train_images/gap_40e39e3a1e4d856a76.png,train_masks/gap_40e39e3a1e4d856a76_mask.png,128,128,2
gap_40312cef9f1116c21a,vol_df67145908d8e5,train_images/gap_40312cef9f1116c21a.png,train_masks/gap_40312cef9f1116c21a_mask.png,128,128,2
gap_4313771c151e34c11a,vol_e94f442ad07ae7,train_images/gap_4313771c151e34c11a.png,train_masks/gap_4313771c151e34c11a_mask.png,128,128,2
gap_4503c617c4b2a9fef8,vol_bf8936cd6d47c7,train_images/gap_4503c617c4b2a9fef8.png,train_masks/gap_4503c617c4b2a9fef8_mask.png,128,128,2
gap_815cb32eea5e2910da,vol_582f475d9ae3c1,train_images/gap_815cb32eea5e2910da.png,train_masks/gap_815cb32eea5e2910da_mask.png,128,128,2
gap_a467bd1b05824003f0,vol_c5df574b89be34,train_images/gap_a467bd1b05824003f0.png,train_masks/gap_a467bd1b05824003f0_mask.png,128,128,2
gap_d353a4be40730092ea,vol_e94f442ad07ae7,train_images/gap_d353a4be40730092ea.png,train_masks/gap_d353a4be40730092ea_mask.png,128,128,2
gap_dd777250dc326b7463,vol_33b65bfabfd9b8,train_images/gap_dd777250dc326b7463.png,train_masks/gap_dd777250dc326b7463_mask.png,128,128,2
gap_2179b3ff889e0532a0,vol_1597aa55748da6,train_images/gap_2179b3ff889e0532a0.png,train_masks/gap_2179b3ff889e0532a0_mask.png,128,128,2
gap_5786452007b7ac4b42,vol_e94f442ad07ae7,train_images/gap_5786452007b7ac4b42.png,train_masks/gap_5786452007b7ac4b42_mask.png,128,128,2
gap_b74b4f606b81323529,vol_208dbc1a6f30e7,train_images/gap_b74b4f606b81323529.png,train_masks/gap_b74b4f606b81323529_mask.png,128,128,2
gap_00889334c231192893,vol_cc15e1b51df496,train_images/gap_00889334c231192893.png,train_masks/gap_00889334c231192893_mask.png,128,128,2
gap_f4f6f3fc895dd1ae12,vol_cc15e1b51df496,train_images/gap_f4f6f3fc895dd1ae12.png,train_masks/gap_f4f6f3fc895dd1ae12_mask.png,128,128,2
gap_bd0afe5640de030c97,vol_654a3a5ce18fe4,train_images/gap_bd0afe5640de030c97.png,train_masks/gap_bd0afe5640de030c97_mask.png,128,128,2
gap_38c0423187be7b4c73,vol_c398dbdcbc3d28,train_images/gap_38c0423187be7b4c73.png,train_masks/gap_38c0423187be7b4c73_mask.png,128,128,2
gap_1b7353d35584dc7384,vol_1a255ee24e8826,train_images/gap_1b7353d35584dc7384.png,train_masks/gap_1b7353d35584dc7384_mask.png,128,128,2
gap_4d2f7d176d20af4308,vol_7c2bb60117e276,train_images/gap_4d2f7d176d20af4308.png,train_masks/gap_4d2f7d176d20af4308_mask.png,128,128,2
gap_000bf67fcd27799d51,vol_bf8936cd6d47c7,train_images/gap_000bf67fcd27799d51.png,train_masks/gap_000bf67fcd27799d51_mask.png,128,128,2
gap_e0a0a53586390c0736,vol_47a13de6fd8f69,train_images/gap_e0a0a53586390c0736.png,train_masks/gap_e0a0a53586390c0736_mask.png,128,128,2
gap_5b0d08138613f230be,vol_cc15e1b51df496,train_images/gap_5b0d08138613f230be.png,train_masks/gap_5b0d08138613f230be_mask.png,128,128,2
gap_09b05ff987e438ef3b,vol_f49d4c16233570,train_images/gap_09b05ff987e438ef3b.png,train_masks/gap_09b05ff987e438ef3b_mask.png,128,128,2
gap_e462776739233ed965,vol_47a13de6fd8f69,train_images/gap_e462776739233ed965.png,train_masks/gap_e462776739233ed965_mask.png,128,128,2
gap_83cd3a9bc35714fc89,vol_df67145908d8e5,train_images/gap_83cd3a9bc35714fc89.png,train_masks/gap_83cd3a9bc35714fc89_mask.png,128,128,2
gap_ec119724f7d36298d5,vol_098348610cc349,train_images/gap_ec119724f7d36298d5.png,train_masks/gap_ec119724f7d36298d5_mask.png,128,128,2
gap_c4330c19a4704c3a9e,vol_47a13de6fd8f69,train_images/gap_c4330c19a4704c3a9e.png,train_masks/gap_c4330c19a4704c3a9e_mask.png,128,128,2
gap_49a3d35a3dd3bcb1d1,vol_47a13de6fd8f69,train_images/gap_49a3d35a3dd3bcb1d1.png,train_masks/gap_49a3d35a3dd3bcb1d1_mask.png,128,128,2
gap_ce886a2b1e2d97f494,vol_77aa82f16f22a1,train_images/gap_ce886a2b1e2d97f494.png,train_masks/gap_ce886a2b1e2d97f494_mask.png,128,128,2
gap_d97a296f4a19e74a96,vol_acc3478573c47a,train_images/gap_d97a296f4a19e74a96.png,train_masks/gap_d97a296f4a19e74a96_mask.png,128,128,2
gap_910eeb79599f72afc6,vol_1597aa55748da6,train_images/gap_910eeb79599f72afc6.png,train_masks/gap_910eeb79599f72afc6_mask.png,128,128,2
gap_f2515d55bf6104199d,vol_15b79aa9978e3e,train_images/gap_f2515d55bf6104199d.png,train_masks/gap_f2515d55bf6104199d_mask.png,128,128,2
gap_387463c98af660d0ba,vol_33b65bfabfd9b8,train_images/gap_387463c98af660d0ba.png,train_masks/gap_387463c98af660d0ba_mask.png,128,128,2
gap_1a3519c8708bb6019a,vol_77aa82f16f22a1,train_images/gap_1a3519c8708bb6019a.png,train_masks/gap_1a3519c8708bb6019a_mask.png,128,128,2
gap_f5a46ffc7099e41db7,vol_e4edb523870541,train_images/gap_f5a46ffc7099e41db7.png,train_masks/gap_f5a46ffc7099e41db7_mask.png,128,128,2
gap_062872da8e8ebd18b9,vol_47a13de6fd8f69,train_images/gap_062872da8e8ebd18b9.png,train_masks/gap_062872da8e8ebd18b9_mask.png,128,128,2
gap_c2c1ba6189748d0918,vol_f49d4c16233570,train_images/gap_c2c1ba6189748d0918.png,train_masks/gap_c2c1ba6189748d0918_mask.png,128,128,2
gap_fe486147670843758d,vol_acc3478573c47a,train_images/gap_fe486147670843758d.png,train_masks/gap_fe486147670843758d_mask.png,128,128,2
gap_58d084224eebf503b6,vol_1597aa55748da6,train_images/gap_58d084224eebf503b6.png,train_masks/gap_58d084224eebf503b6_mask.png,128,128,2
gap_e0676a152faf0416a9,vol_77aa82f16f22a1,train_images/gap_e0676a152faf0416a9.png,train_masks/gap_e0676a152faf0416a9_mask.png,128,128,2
gap_6327772df4ec3bdf40,vol_1597aa55748da6,train_images/gap_6327772df4ec3bdf40.png,train_masks/gap_6327772df4ec3bdf40_mask.png,128,128,2
gap_af5582e061676f08c7,vol_df67145908d8e5,train_images/gap_af5582e061676f08c7.png,train_masks/gap_af5582e061676f08c7_mask.png,128,128,2
gap_71b4b7cbbcfbdaa833,vol_228e2671e29326,train_images/gap_71b4b7cbbcfbdaa833.png,train_masks/gap_71b4b7cbbcfbdaa833_mask.png,128,128,2
gap_e680f041e197382b4d,vol_208dbc1a6f30e7,train_images/gap_e680f041e197382b4d.png,train_masks/gap_e680f041e197382b4d_mask.png,128,128,2
gap_fe17aace28f7035670,vol_1a255ee24e8826,train_images/gap_fe17aace28f7035670.png,train_masks/gap_fe17aace28f7035670_mask.png,128,128,2
gap_2f72d03d08ef3f7e2e,vol_098348610cc349,train_images/gap_2f72d03d08ef3f7e2e.png,train_masks/gap_2f72d03d08ef3f7e2e_mask.png,128,128,2
gap_83f9cb7a93f66efb7f,vol_654a3a5ce18fe4,train_images/gap_83f9cb7a93f66efb7f.png,train_masks/gap_83f9cb7a93f66efb7f_mask.png,128,128,2
gap_87a9869124e3bbdd59,vol_654a3a5ce18fe4,train_images/gap_87a9869124e3bbdd59.png,train_masks/gap_87a9869124e3bbdd59_mask.png,128,128,2
gap_ae74b51ab914b49c5c,vol_098348610cc349,train_images/gap_ae74b51ab914b49c5c.png,train_masks/gap_ae74b51ab914b49c5c_mask.png,128,128,2
gap_9a057f62c26d09ba02,vol_e94f442ad07ae7,train_images/gap_9a057f62c26d09ba02.png,train_masks/gap_9a057f62c26d09ba02_mask.png,128,128,2
gap_34a84cc27e343e0b3c,vol_804c999e4daf42,train_images/gap_34a84cc27e343e0b3c.png,train_masks/gap_34a84cc27e343e0b3c_mask.png,128,128,2
gap_10ad3381b0160f5233,vol_208dbc1a6f30e7,train_images/gap_10ad3381b0160f5233.png,train_masks/gap_10ad3381b0160f5233_mask.png,128,128,2
gap_a5192da46e97b8bcec,vol_fb0999f09bcfd8,train_images/gap_a5192da46e97b8bcec.png,train_masks/gap_a5192da46e97b8bcec_mask.png,128,128,2
gap_fe5d9121fddbfe58ef,vol_654a3a5ce18fe4,train_images/gap_fe5d9121fddbfe58ef.png,train_masks/gap_fe5d9121fddbfe58ef_mask.png,128,128,2
gap_0fb1a726b8a412bafb,vol_e4edb523870541,train_images/gap_0fb1a726b8a412bafb.png,train_masks/gap_0fb1a726b8a412bafb_mask.png,128,128,2
gap_29b9a78d0260079165,vol_f49d4c16233570,train_images/gap_29b9a78d0260079165.png,train_masks/gap_29b9a78d0260079165_mask.png,128,128,2
gap_83d20dbc65a79aa790,vol_acc3478573c47a,train_images/gap_83d20dbc65a79aa790.png,train_masks/gap_83d20dbc65a79aa790_mask.png,128,128,2
gap_1aee6c12c2c2c2401e,vol_1597aa55748da6,train_images/gap_1aee6c12c2c2c2401e.png,train_masks/gap_1aee6c12c2c2c2401e_mask.png,128,128,2
gap_8a1c4d5e2df339e782,vol_bf8936cd6d47c7,train_images/gap_8a1c4d5e2df339e782.png,train_masks/gap_8a1c4d5e2df339e782_mask.png,128,128,2
gap_09e7775baebc3b8916,vol_228e2671e29326,train_images/gap_09e7775baebc3b8916.png,train_masks/gap_09e7775baebc3b8916_mask.png,128,128,2
gap_1b0111424cccce525b,vol_582f475d9ae3c1,train_images/gap_1b0111424cccce525b.png,train_masks/gap_1b0111424cccce525b_mask.png,128,128,2
gap_644b20863fa2a0d001,vol_228e2671e29326,train_images/gap_644b20863fa2a0d001.png,train_masks/gap_644b20863fa2a0d001_mask.png,128,128,2
gap_c8e214e86eda31e1f7,vol_33b65bfabfd9b8,train_images/gap_c8e214e86eda31e1f7.png,train_masks/gap_c8e214e86eda31e1f7_mask.png,128,128,2
gap_5debf3407c9ae082f3,vol_654a3a5ce18fe4,train_images/gap_5debf3407c9ae082f3.png,train_masks/gap_5debf3407c9ae082f3_mask.png,128,128,2
gap_4faf02a36fa9d1f2ba,vol_cc15e1b51df496,train_images/gap_4faf02a36fa9d1f2ba.png,train_masks/gap_4faf02a36fa9d1f2ba_mask.png,128,128,2
gap_4ebcde4885e5135989,vol_1597aa55748da6,train_images/gap_4ebcde4885e5135989.png,train_masks/gap_4ebcde4885e5135989_mask.png,128,128,2
gap_bf426877da81712a4a,vol_582f475d9ae3c1,train_images/gap_bf426877da81712a4a.png,train_masks/gap_bf426877da81712a4a_mask.png,128,128,2
gap_a7f3b06d9b04845966,vol_1a255ee24e8826,train_images/gap_a7f3b06d9b04845966.png,train_masks/gap_a7f3b06d9b04845966_mask.png,128,128,2
gap_5a0881ae8566001467,vol_4921800804a976,train_images/gap_5a0881ae8566001467.png,train_masks/gap_5a0881ae8566001467_mask.png,128,128,2
gap_606f6763d4ac7cbd1d,vol_1a255ee24e8826,train_images/gap_606f6763d4ac7cbd1d.png,train_masks/gap_606f6763d4ac7cbd1d_mask.png,128,128,2
gap_4a37a39b4418dd4efc,vol_7c2bb60117e276,train_images/gap_4a37a39b4418dd4efc.png,train_masks/gap_4a37a39b4418dd4efc_mask.png,128,128,2
gap_e8df98430c2331f21f,vol_228e2671e29326,train_images/gap_e8df98430c2331f21f.png,train_masks/gap_e8df98430c2331f21f_mask.png,128,128,2
gap_3a73ee4890a2c845a4,vol_e4edb523870541,train_images/gap_3a73ee4890a2c845a4.png,train_masks/gap_3a73ee4890a2c845a4_mask.png,128,128,2
gap_5a0fd29dc61a11c052,vol_c5df574b89be34,train_images/gap_5a0fd29dc61a11c052.png,train_masks/gap_5a0fd29dc61a11c052_mask.png,128,128,2
gap_944b8ada24dd8b0ca7,vol_654a3a5ce18fe4,train_images/gap_944b8ada24dd8b0ca7.png,train_masks/gap_944b8ada24dd8b0ca7_mask.png,128,128,2
gap_e13f754e06db7b64fb,vol_7c2bb60117e276,train_images/gap_e13f754e06db7b64fb.png,train_masks/gap_e13f754e06db7b64fb_mask.png,128,128,2
gap_066f0e818d1ba8dc2e,vol_f49d4c16233570,train_images/gap_066f0e818d1ba8dc2e.png,train_masks/gap_066f0e818d1ba8dc2e_mask.png,128,128,2
gap_b87dd89e2ecfe634de,vol_e4edb523870541,train_images/gap_b87dd89e2ecfe634de.png,train_masks/gap_b87dd89e2ecfe634de_mask.png,128,128,2
gap_e5c180eb51884afa8d,vol_2f13f6086c74f2,train_images/gap_e5c180eb51884afa8d.png,train_masks/gap_e5c180eb51884afa8d_mask.png,128,128,2
gap_82a3b9a41177d8ec0a,vol_228e2671e29326,train_images/gap_82a3b9a41177d8ec0a.png,train_masks/gap_82a3b9a41177d8ec0a_mask.png,128,128,2
gap_1c7ce938736e1b47a6,vol_77aa82f16f22a1,train_images/gap_1c7ce938736e1b47a6.png,train_masks/gap_1c7ce938736e1b47a6_mask.png,128,128,2
gap_1a5c02f041a70b92cd,vol_7c2bb60117e276,train_images/gap_1a5c02f041a70b92cd.png,train_masks/gap_1a5c02f041a70b92cd_mask.png,128,128,2
gap_dd89ecaad8697c026e,vol_fb0999f09bcfd8,train_images/gap_dd89ecaad8697c026e.png,train_masks/gap_dd89ecaad8697c026e_mask.png,128,128,2
gap_cc4a89b60a338110af,vol_228e2671e29326,train_images/gap_cc4a89b60a338110af.png,train_masks/gap_cc4a89b60a338110af_mask.png,128,128,2
gap_d8563da007e7d68c2b,vol_33b65bfabfd9b8,train_images/gap_d8563da007e7d68c2b.png,train_masks/gap_d8563da007e7d68c2b_mask.png,128,128,2
gap_f390eedc00a38f87d8,vol_acc3478573c47a,train_images/gap_f390eedc00a38f87d8.png,train_masks/gap_f390eedc00a38f87d8_mask.png,128,128,2
gap_9466996eaad8d9f24d,vol_c5df574b89be34,train_images/gap_9466996eaad8d9f24d.png,train_masks/gap_9466996eaad8d9f24d_mask.png,128,128,2
gap_ad7f63c86414db6dcb,vol_1a255ee24e8826,train_images/gap_ad7f63c86414db6dcb.png,train_masks/gap_ad7f63c86414db6dcb_mask.png,128,128,2
gap_1dc8c9eac152415efc,vol_47a13de6fd8f69,train_images/gap_1dc8c9eac152415efc.png,train_masks/gap_1dc8c9eac152415efc_mask.png,128,128,2
gap_e101f88df79fd1e346,vol_1597aa55748da6,train_images/gap_e101f88df79fd1e346.png,train_masks/gap_e101f88df79fd1e346_mask.png,128,128,2
gap_d85913cf8f277e3e54,vol_804c999e4daf42,train_images/gap_d85913cf8f277e3e54.png,train_masks/gap_d85913cf8f277e3e54_mask.png,128,128,2
gap_2a2e91995cc42dd57f,vol_15b79aa9978e3e,train_images/gap_2a2e91995cc42dd57f.png,train_masks/gap_2a2e91995cc42dd57f_mask.png,128,128,2
gap_f01a4d19ef72ce516d,vol_c398dbdcbc3d28,train_images/gap_f01a4d19ef72ce516d.png,train_masks/gap_f01a4d19ef72ce516d_mask.png,128,128,2
gap_d893b43022f4caf42b,vol_654a3a5ce18fe4,train_images/gap_d893b43022f4caf42b.png,train_masks/gap_d893b43022f4caf42b_mask.png,128,128,2
gap_75ed12bd445c37a46c,vol_f49d4c16233570,train_images/gap_75ed12bd445c37a46c.png,train_masks/gap_75ed12bd445c37a46c_mask.png,128,128,2
gap_ef79c0072f7de041dc,vol_1a255ee24e8826,train_images/gap_ef79c0072f7de041dc.png,train_masks/gap_ef79c0072f7de041dc_mask.png,128,128,2
gap_964b77f14bd633d016,vol_f49d4c16233570,train_images/gap_964b77f14bd633d016.png,train_masks/gap_964b77f14bd633d016_mask.png,128,128,2
gap_03ecd62e301a06082e,vol_47a13de6fd8f69,train_images/gap_03ecd62e301a06082e.png,train_masks/gap_03ecd62e301a06082e_mask.png,128,128,2
gap_76f2c49ef456dbd85f,vol_1597aa55748da6,train_images/gap_76f2c49ef456dbd85f.png,train_masks/gap_76f2c49ef456dbd85f_mask.png,128,128,2
gap_001bd0a989cdf629e6,vol_15b79aa9978e3e,train_images/gap_001bd0a989cdf629e6.png,train_masks/gap_001bd0a989cdf629e6_mask.png,128,128,2
gap_f20016f458438d085e,vol_c398dbdcbc3d28,train_images/gap_f20016f458438d085e.png,train_masks/gap_f20016f458438d085e_mask.png,128,128,2
gap_32109c693885fc0485,vol_77aa82f16f22a1,train_images/gap_32109c693885fc0485.png,train_masks/gap_32109c693885fc0485_mask.png,128,128,2
gap_3d4bc7c04b741e7f74,vol_77aa82f16f22a1,train_images/gap_3d4bc7c04b741e7f74.png,train_masks/gap_3d4bc7c04b741e7f74_mask.png,128,128,2
gap_9a28600c805b99394b,vol_208dbc1a6f30e7,train_images/gap_9a28600c805b99394b.png,train_masks/gap_9a28600c805b99394b_mask.png,128,128,2
gap_9a2e6b3c1d4741be86,vol_1a255ee24e8826,train_images/gap_9a2e6b3c1d4741be86.png,train_masks/gap_9a2e6b3c1d4741be86_mask.png,128,128,2
gap_3754df4d67f24d6fd7,vol_1597aa55748da6,train_images/gap_3754df4d67f24d6fd7.png,train_masks/gap_3754df4d67f24d6fd7_mask.png,128,128,2
gap_c4b5db79536424e99c,vol_15b79aa9978e3e,train_images/gap_c4b5db79536424e99c.png,train_masks/gap_c4b5db79536424e99c_mask.png,128,128,2
gap_a6e1ab5777c01935b8,vol_15b79aa9978e3e,train_images/gap_a6e1ab5777c01935b8.png,train_masks/gap_a6e1ab5777c01935b8_mask.png,128,128,2
gap_6e4677463126b022a7,vol_15b79aa9978e3e,train_images/gap_6e4677463126b022a7.png,train_masks/gap_6e4677463126b022a7_mask.png,128,128,2
gap_7fb35367bca46e0f3b,vol_804c999e4daf42,train_images/gap_7fb35367bca46e0f3b.png,train_masks/gap_7fb35367bca46e0f3b_mask.png,128,128,2
gap_4acc4acaba6df6fb59,vol_7f10b15f19851d,train_images/gap_4acc4acaba6df6fb59.png,train_masks/gap_4acc4acaba6df6fb59_mask.png,128,128,2
gap_3264ffe0d2940329eb,vol_47a13de6fd8f69,train_images/gap_3264ffe0d2940329eb.png,train_masks/gap_3264ffe0d2940329eb_mask.png,128,128,2
gap_39c54275d36d0cbd1e,vol_acc3478573c47a,train_images/gap_39c54275d36d0cbd1e.png,train_masks/gap_39c54275d36d0cbd1e_mask.png,128,128,2
gap_a71c3adc91116f3231,vol_098348610cc349,train_images/gap_a71c3adc91116f3231.png,train_masks/gap_a71c3adc91116f3231_mask.png,128,128,2
gap_71b3573a22b2c050c9,vol_228e2671e29326,train_images/gap_71b3573a22b2c050c9.png,train_masks/gap_71b3573a22b2c050c9_mask.png,128,128,2
gap_d664c241e61727141d,vol_228e2671e29326,train_images/gap_d664c241e61727141d.png,train_masks/gap_d664c241e61727141d_mask.png,128,128,2
gap_e8ae4c0b501f74203c,vol_15b79aa9978e3e,train_images/gap_e8ae4c0b501f74203c.png,train_masks/gap_e8ae4c0b501f74203c_mask.png,128,128,2
gap_121b38d6246f0f53c5,vol_1a255ee24e8826,train_images/gap_121b38d6246f0f53c5.png,train_masks/gap_121b38d6246f0f53c5_mask.png,128,128,2
gap_92b720adcb46c5b485,vol_c5df574b89be34,train_images/gap_92b720adcb46c5b485.png,train_masks/gap_92b720adcb46c5b485_mask.png,128,128,2
gap_e2cfd70c8fe6cd6800,vol_77aa82f16f22a1,train_images/gap_e2cfd70c8fe6cd6800.png,train_masks/gap_e2cfd70c8fe6cd6800_mask.png,128,128,2
gap_1be4abd6478594db2b,vol_f49d4c16233570,train_images/gap_1be4abd6478594db2b.png,train_masks/gap_1be4abd6478594db2b_mask.png,128,128,2
gap_a6b47b675d7695b349,vol_7f10b15f19851d,train_images/gap_a6b47b675d7695b349.png,train_masks/gap_a6b47b675d7695b349_mask.png,128,128,2
gap_c64f2645d2a09a9446,vol_fb0999f09bcfd8,train_images/gap_c64f2645d2a09a9446.png,train_masks/gap_c64f2645d2a09a9446_mask.png,128,128,2
gap_1f1b8f29397cc0faca,vol_208dbc1a6f30e7,train_images/gap_1f1b8f29397cc0faca.png,train_masks/gap_1f1b8f29397cc0faca_mask.png,128,128,2
gap_579150f6e917533142,vol_4921800804a976,train_images/gap_579150f6e917533142.png,train_masks/gap_579150f6e917533142_mask.png,128,128,2
gap_0b9b3717b3613d42ca,vol_582f475d9ae3c1,train_images/gap_0b9b3717b3613d42ca.png,train_masks/gap_0b9b3717b3613d42ca_mask.png,128,128,2
gap_06de4ade950cb3703e,vol_77aa82f16f22a1,train_images/gap_06de4ade950cb3703e.png,train_masks/gap_06de4ade950cb3703e_mask.png,128,128,2
gap_1d9848ec200ce74355,vol_cc15e1b51df496,train_images/gap_1d9848ec200ce74355.png,train_masks/gap_1d9848ec200ce74355_mask.png,128,128,2
gap_1f931d25ad3170df93,vol_e4edb523870541,train_images/gap_1f931d25ad3170df93.png,train_masks/gap_1f931d25ad3170df93_mask.png,128,128,2
gap_037ad795b10422e337,vol_acc3478573c47a,train_images/gap_037ad795b10422e337.png,train_masks/gap_037ad795b10422e337_mask.png,128,128,2
gap_5ef5aea7d70284f92c,vol_df67145908d8e5,train_images/gap_5ef5aea7d70284f92c.png,train_masks/gap_5ef5aea7d70284f92c_mask.png,128,128,2
gap_2fb81a5aea49165f3c,vol_e94f442ad07ae7,train_images/gap_2fb81a5aea49165f3c.png,train_masks/gap_2fb81a5aea49165f3c_mask.png,128,128,2
gap_6db1d30be0f5020bf4,vol_7c2bb60117e276,train_images/gap_6db1d30be0f5020bf4.png,train_masks/gap_6db1d30be0f5020bf4_mask.png,128,128,2
gap_f67be521e21a342341,vol_804c999e4daf42,train_images/gap_f67be521e21a342341.png,train_masks/gap_f67be521e21a342341_mask.png,128,128,2
gap_23ae9623cbb8b3bbf3,vol_fb0999f09bcfd8,train_images/gap_23ae9623cbb8b3bbf3.png,train_masks/gap_23ae9623cbb8b3bbf3_mask.png,128,128,2
gap_f06450d3bfa18a70b4,vol_acc3478573c47a,train_images/gap_f06450d3bfa18a70b4.png,train_masks/gap_f06450d3bfa18a70b4_mask.png,128,128,2
gap_a379dcb14dbd7a1aa9,vol_c5df574b89be34,train_images/gap_a379dcb14dbd7a1aa9.png,train_masks/gap_a379dcb14dbd7a1aa9_mask.png,128,128,2
gap_dad8b5b0ddcbd40da0,vol_228e2671e29326,train_images/gap_dad8b5b0ddcbd40da0.png,train_masks/gap_dad8b5b0ddcbd40da0_mask.png,128,128,2
gap_d7bb5acf19f5945770,vol_208dbc1a6f30e7,train_images/gap_d7bb5acf19f5945770.png,train_masks/gap_d7bb5acf19f5945770_mask.png,128,128,2
gap_ce66a6547f080dc1a5,vol_208dbc1a6f30e7,train_images/gap_ce66a6547f080dc1a5.png,train_masks/gap_ce66a6547f080dc1a5_mask.png,128,128,2
gap_168ed840648a3eaa69,vol_47a13de6fd8f69,train_images/gap_168ed840648a3eaa69.png,train_masks/gap_168ed840648a3eaa69_mask.png,128,128,2
gap_149946a870cdfad0b3,vol_654a3a5ce18fe4,train_images/gap_149946a870cdfad0b3.png,train_masks/gap_149946a870cdfad0b3_mask.png,128,128,2
gap_788b6f615d30d26fa4,vol_15b79aa9978e3e,train_images/gap_788b6f615d30d26fa4.png,train_masks/gap_788b6f615d30d26fa4_mask.png,128,128,2
gap_ad5652832a69e55067,vol_228e2671e29326,train_images/gap_ad5652832a69e55067.png,train_masks/gap_ad5652832a69e55067_mask.png,128,128,2
gap_df324b08f5f5b7d8d0,vol_582f475d9ae3c1,train_images/gap_df324b08f5f5b7d8d0.png,train_masks/gap_df324b08f5f5b7d8d0_mask.png,128,128,2
gap_2ff230b8c482d8d7a3,vol_228e2671e29326,train_images/gap_2ff230b8c482d8d7a3.png,train_masks/gap_2ff230b8c482d8d7a3_mask.png,128,128,2
gap_55a7767cfa461784bf,vol_7f10b15f19851d,train_images/gap_55a7767cfa461784bf.png,train_masks/gap_55a7767cfa461784bf_mask.png,128,128,2
gap_2e61c1ecd5e4aba486,vol_7f10b15f19851d,train_images/gap_2e61c1ecd5e4aba486.png,train_masks/gap_2e61c1ecd5e4aba486_mask.png,128,128,2
gap_ce118b37feff90028e,vol_e94f442ad07ae7,train_images/gap_ce118b37feff90028e.png,train_masks/gap_ce118b37feff90028e_mask.png,128,128,2
gap_b9e71b0d95baf60e13,vol_4921800804a976,train_images/gap_b9e71b0d95baf60e13.png,train_masks/gap_b9e71b0d95baf60e13_mask.png,128,128,2
gap_17746194c26322c603,vol_2f13f6086c74f2,train_images/gap_17746194c26322c603.png,train_masks/gap_17746194c26322c603_mask.png,128,128,2
gap_dc872903b327ef6d42,vol_47a13de6fd8f69,train_images/gap_dc872903b327ef6d42.png,train_masks/gap_dc872903b327ef6d42_mask.png,128,128,2
gap_2ff2a593f97f89dc0d,vol_654a3a5ce18fe4,train_images/gap_2ff2a593f97f89dc0d.png,train_masks/gap_2ff2a593f97f89dc0d_mask.png,128,128,2
gap_a337e9d56a40215974,vol_e4edb523870541,train_images/gap_a337e9d56a40215974.png,train_masks/gap_a337e9d56a40215974_mask.png,128,128,2
gap_9ce7398fdd5ab6f49b,vol_654a3a5ce18fe4,train_images/gap_9ce7398fdd5ab6f49b.png,train_masks/gap_9ce7398fdd5ab6f49b_mask.png,128,128,2
gap_6f70ea0fe356f48d8e,vol_c398dbdcbc3d28,train_images/gap_6f70ea0fe356f48d8e.png,train_masks/gap_6f70ea0fe356f48d8e_mask.png,128,128,2
gap_1d8e39228a68fcf95f,vol_e94f442ad07ae7,train_images/gap_1d8e39228a68fcf95f.png,train_masks/gap_1d8e39228a68fcf95f_mask.png,128,128,2
gap_1a54bb3da6ba0f54ce,vol_228e2671e29326,train_images/gap_1a54bb3da6ba0f54ce.png,train_masks/gap_1a54bb3da6ba0f54ce_mask.png,128,128,2
gap_abc7de9f9dbd1a1526,vol_e94f442ad07ae7,train_images/gap_abc7de9f9dbd1a1526.png,train_masks/gap_abc7de9f9dbd1a1526_mask.png,128,128,2
gap_a12d3993f20fa2058b,vol_1a255ee24e8826,train_images/gap_a12d3993f20fa2058b.png,train_masks/gap_a12d3993f20fa2058b_mask.png,128,128,2
gap_2e29e3f4ddb265d1b7,vol_c5df574b89be34,train_images/gap_2e29e3f4ddb265d1b7.png,train_masks/gap_2e29e3f4ddb265d1b7_mask.png,128,128,2
gap_df1606a169d7047fe8,vol_15b79aa9978e3e,train_images/gap_df1606a169d7047fe8.png,train_masks/gap_df1606a169d7047fe8_mask.png,128,128,2
gap_4a43a462c394196871,vol_2f13f6086c74f2,train_images/gap_4a43a462c394196871.png,train_masks/gap_4a43a462c394196871_mask.png,128,128,2
gap_72b8c7ba6114acbfa2,vol_7c2bb60117e276,train_images/gap_72b8c7ba6114acbfa2.png,train_masks/gap_72b8c7ba6114acbfa2_mask.png,128,128,2
gap_7219d6ee255139722d,vol_7f10b15f19851d,train_images/gap_7219d6ee255139722d.png,train_masks/gap_7219d6ee255139722d_mask.png,128,128,2
gap_58736b8e54dfc35099,vol_e4edb523870541,train_images/gap_58736b8e54dfc35099.png,train_masks/gap_58736b8e54dfc35099_mask.png,128,128,2
gap_6c7017a13be333e457,vol_77aa82f16f22a1,train_images/gap_6c7017a13be333e457.png,train_masks/gap_6c7017a13be333e457_mask.png,128,128,2
gap_166236f8e668d2c1bc,vol_c398dbdcbc3d28,train_images/gap_166236f8e668d2c1bc.png,train_masks/gap_166236f8e668d2c1bc_mask.png,128,128,2
gap_2477f5657845891f8f,vol_7c2bb60117e276,train_images/gap_2477f5657845891f8f.png,train_masks/gap_2477f5657845891f8f_mask.png,128,128,2
gap_4da146823307773d66,vol_e4edb523870541,train_images/gap_4da146823307773d66.png,train_masks/gap_4da146823307773d66_mask.png,128,128,2
gap_d36a9a3d00d6c1a746,vol_582f475d9ae3c1,train_images/gap_d36a9a3d00d6c1a746.png,train_masks/gap_d36a9a3d00d6c1a746_mask.png,128,128,2
gap_f187fae83f74f5ee2d,vol_804c999e4daf42,train_images/gap_f187fae83f74f5ee2d.png,train_masks/gap_f187fae83f74f5ee2d_mask.png,128,128,2
gap_5fbd01e5fad64b5a9b,vol_208dbc1a6f30e7,train_images/gap_5fbd01e5fad64b5a9b.png,train_masks/gap_5fbd01e5fad64b5a9b_mask.png,128,128,2
gap_0beeacbd59abfc47de,vol_228e2671e29326,train_images/gap_0beeacbd59abfc47de.png,train_masks/gap_0beeacbd59abfc47de_mask.png,128,128,2
gap_98a76ae9b02c429b87,vol_cc15e1b51df496,train_images/gap_98a76ae9b02c429b87.png,train_masks/gap_98a76ae9b02c429b87_mask.png,128,128,2
gap_a31bbc246316fd3a2d,vol_f49d4c16233570,train_images/gap_a31bbc246316fd3a2d.png,train_masks/gap_a31bbc246316fd3a2d_mask.png,128,128,2
gap_a16486103093fee593,vol_77aa82f16f22a1,train_images/gap_a16486103093fee593.png,train_masks/gap_a16486103093fee593_mask.png,128,128,2
gap_cdcdc120c97b15b444,vol_c398dbdcbc3d28,train_images/gap_cdcdc120c97b15b444.png,train_masks/gap_cdcdc120c97b15b444_mask.png,128,128,2
gap_f13ce19b60e4ced33d,vol_e94f442ad07ae7,train_images/gap_f13ce19b60e4ced33d.png,train_masks/gap_f13ce19b60e4ced33d_mask.png,128,128,2
gap_3a74971110d88d7e8e,vol_c398dbdcbc3d28,train_images/gap_3a74971110d88d7e8e.png,train_masks/gap_3a74971110d88d7e8e_mask.png,128,128,2
gap_a29718fcd3978212bc,vol_654a3a5ce18fe4,train_images/gap_a29718fcd3978212bc.png,train_masks/gap_a29718fcd3978212bc_mask.png,128,128,2
gap_7e54451e114f1644ef,vol_1597aa55748da6,train_images/gap_7e54451e114f1644ef.png,train_masks/gap_7e54451e114f1644ef_mask.png,128,128,2
gap_cf9ec6aec2827fffc4,vol_77aa82f16f22a1,train_images/gap_cf9ec6aec2827fffc4.png,train_masks/gap_cf9ec6aec2827fffc4_mask.png,128,128,2
gap_201fd0d9beb95bd42b,vol_2f13f6086c74f2,train_images/gap_201fd0d9beb95bd42b.png,train_masks/gap_201fd0d9beb95bd42b_mask.png,128,128,2
gap_b6c47947e6b148f418,vol_e94f442ad07ae7,train_images/gap_b6c47947e6b148f418.png,train_masks/gap_b6c47947e6b148f418_mask.png,128,128,2
gap_636c744524e8dbe75d,vol_7f10b15f19851d,train_images/gap_636c744524e8dbe75d.png,train_masks/gap_636c744524e8dbe75d_mask.png,128,128,2
gap_aaa95ea4964d2c2539,vol_4921800804a976,train_images/gap_aaa95ea4964d2c2539.png,train_masks/gap_aaa95ea4964d2c2539_mask.png,128,128,2
gap_ead90d2f012864cd4b,vol_1a255ee24e8826,train_images/gap_ead90d2f012864cd4b.png,train_masks/gap_ead90d2f012864cd4b_mask.png,128,128,2
gap_2704d97a01cca04af8,vol_77aa82f16f22a1,train_images/gap_2704d97a01cca04af8.png,train_masks/gap_2704d97a01cca04af8_mask.png,128,128,2
gap_2e8c21e16ef01d5a1b,vol_47a13de6fd8f69,train_images/gap_2e8c21e16ef01d5a1b.png,train_masks/gap_2e8c21e16ef01d5a1b_mask.png,128,128,2
gap_678bc23d5d752210b0,vol_1597aa55748da6,train_images/gap_678bc23d5d752210b0.png,train_masks/gap_678bc23d5d752210b0_mask.png,128,128,2
gap_b03c35c64f0469098d,vol_7c2bb60117e276,train_images/gap_b03c35c64f0469098d.png,train_masks/gap_b03c35c64f0469098d_mask.png,128,128,2
gap_f8668f0ad869c4058c,vol_e4edb523870541,train_images/gap_f8668f0ad869c4058c.png,train_masks/gap_f8668f0ad869c4058c_mask.png,128,128,2
gap_073928c35b8f1fa96b,vol_33b65bfabfd9b8,train_images/gap_073928c35b8f1fa96b.png,train_masks/gap_073928c35b8f1fa96b_mask.png,128,128,2
gap_3036ecb1c162b53a74,vol_e4edb523870541,train_images/gap_3036ecb1c162b53a74.png,train_masks/gap_3036ecb1c162b53a74_mask.png,128,128,2
gap_fb4e2cd12383b81750,vol_e94f442ad07ae7,train_images/gap_fb4e2cd12383b81750.png,train_masks/gap_fb4e2cd12383b81750_mask.png,128,128,2
gap_d6207afdb20388ea6b,vol_7c2bb60117e276,train_images/gap_d6207afdb20388ea6b.png,train_masks/gap_d6207afdb20388ea6b_mask.png,128,128,2
gap_0a8b6a7b374a7f5be2,vol_804c999e4daf42,train_images/gap_0a8b6a7b374a7f5be2.png,train_masks/gap_0a8b6a7b374a7f5be2_mask.png,128,128,2
gap_2b1a5d2bed5c568dfe,vol_c5df574b89be34,train_images/gap_2b1a5d2bed5c568dfe.png,train_masks/gap_2b1a5d2bed5c568dfe_mask.png,128,128,2
gap_5a2db141102c68c118,vol_1a255ee24e8826,train_images/gap_5a2db141102c68c118.png,train_masks/gap_5a2db141102c68c118_mask.png,128,128,2
gap_31e04e7fef0b314bc6,vol_4921800804a976,train_images/gap_31e04e7fef0b314bc6.png,train_masks/gap_31e04e7fef0b314bc6_mask.png,128,128,2
gap_be574fc54271adf4dc,vol_c398dbdcbc3d28,train_images/gap_be574fc54271adf4dc.png,train_masks/gap_be574fc54271adf4dc_mask.png,128,128,2
gap_191589d4f95100c8a0,vol_098348610cc349,train_images/gap_191589d4f95100c8a0.png,train_masks/gap_191589d4f95100c8a0_mask.png,128,128,2
gap_c339f8cca07b5f3564,vol_fb0999f09bcfd8,train_images/gap_c339f8cca07b5f3564.png,train_masks/gap_c339f8cca07b5f3564_mask.png,128,128,2
gap_3644b164283b21770f,vol_4921800804a976,train_images/gap_3644b164283b21770f.png,train_masks/gap_3644b164283b21770f_mask.png,128,128,2
gap_87340fd37ff537d213,vol_1a255ee24e8826,train_images/gap_87340fd37ff537d213.png,train_masks/gap_87340fd37ff537d213_mask.png,128,128,2
gap_1ef5ffc7c731ac5dd6,vol_7f10b15f19851d,train_images/gap_1ef5ffc7c731ac5dd6.png,train_masks/gap_1ef5ffc7c731ac5dd6_mask.png,128,128,2
gap_092cdd85cb23d3012b,vol_77aa82f16f22a1,train_images/gap_092cdd85cb23d3012b.png,train_masks/gap_092cdd85cb23d3012b_mask.png,128,128,2
gap_1b9dc1b99ed66e85c2,vol_df67145908d8e5,train_images/gap_1b9dc1b99ed66e85c2.png,train_masks/gap_1b9dc1b99ed66e85c2_mask.png,128,128,2
gap_0b68e627991dab14bb,vol_cc15e1b51df496,train_images/gap_0b68e627991dab14bb.png,train_masks/gap_0b68e627991dab14bb_mask.png,128,128,2
gap_7272637e81e48db1e1,vol_33b65bfabfd9b8,train_images/gap_7272637e81e48db1e1.png,train_masks/gap_7272637e81e48db1e1_mask.png,128,128,2
gap_9c1356289a90ec8743,vol_e94f442ad07ae7,train_images/gap_9c1356289a90ec8743.png,train_masks/gap_9c1356289a90ec8743_mask.png,128,128,2
gap_1d0eb77a7f4effb430,vol_acc3478573c47a,train_images/gap_1d0eb77a7f4effb430.png,train_masks/gap_1d0eb77a7f4effb430_mask.png,128,128,2
gap_4ff1d99a45f433655e,vol_208dbc1a6f30e7,train_images/gap_4ff1d99a45f433655e.png,train_masks/gap_4ff1d99a45f433655e_mask.png,128,128,2
gap_06713e0b98af52bbda,vol_fb0999f09bcfd8,train_images/gap_06713e0b98af52bbda.png,train_masks/gap_06713e0b98af52bbda_mask.png,128,128,2
gap_d84bebc50f3b2e7055,vol_098348610cc349,train_images/gap_d84bebc50f3b2e7055.png,train_masks/gap_d84bebc50f3b2e7055_mask.png,128,128,2
gap_162b6fe4db4270a07f,vol_c398dbdcbc3d28,train_images/gap_162b6fe4db4270a07f.png,train_masks/gap_162b6fe4db4270a07f_mask.png,128,128,2
gap_489c11e8a64dc2710f,vol_4921800804a976,train_images/gap_489c11e8a64dc2710f.png,train_masks/gap_489c11e8a64dc2710f_mask.png,128,128,2
gap_db3d95183e2a8e80fb,vol_33b65bfabfd9b8,train_images/gap_db3d95183e2a8e80fb.png,train_masks/gap_db3d95183e2a8e80fb_mask.png,128,128,2
gap_944c50efed99cc30ee,vol_bf8936cd6d47c7,train_images/gap_944c50efed99cc30ee.png,train_masks/gap_944c50efed99cc30ee_mask.png,128,128,2
gap_1e191a0c7d4549f390,vol_e4edb523870541,train_images/gap_1e191a0c7d4549f390.png,train_masks/gap_1e191a0c7d4549f390_mask.png,128,128,2
gap_0c0760b169220e0015,vol_098348610cc349,train_images/gap_0c0760b169220e0015.png,train_masks/gap_0c0760b169220e0015_mask.png,128,128,2
gap_f88a7b03a1e1d6d538,vol_7f10b15f19851d,train_images/gap_f88a7b03a1e1d6d538.png,train_masks/gap_f88a7b03a1e1d6d538_mask.png,128,128,2
gap_731955d6554908d7df,vol_e4edb523870541,train_images/gap_731955d6554908d7df.png,train_masks/gap_731955d6554908d7df_mask.png,128,128,2
gap_7cd80134c3f7f141fd,vol_1597aa55748da6,train_images/gap_7cd80134c3f7f141fd.png,train_masks/gap_7cd80134c3f7f141fd_mask.png,128,128,2
gap_ee9545e6ac3b742f87,vol_098348610cc349,train_images/gap_ee9545e6ac3b742f87.png,train_masks/gap_ee9545e6ac3b742f87_mask.png,128,128,2
gap_d2c87aef878854960e,vol_c398dbdcbc3d28,train_images/gap_d2c87aef878854960e.png,train_masks/gap_d2c87aef878854960e_mask.png,128,128,2
gap_68eb3374fc723fad14,vol_208dbc1a6f30e7,train_images/gap_68eb3374fc723fad14.png,train_masks/gap_68eb3374fc723fad14_mask.png,128,128,2
gap_dcfad7b2dd9ba385da,vol_bf8936cd6d47c7,train_images/gap_dcfad7b2dd9ba385da.png,train_masks/gap_dcfad7b2dd9ba385da_mask.png,128,128,2
gap_98cb389c21131657e7,vol_654a3a5ce18fe4,train_images/gap_98cb389c21131657e7.png,train_masks/gap_98cb389c21131657e7_mask.png,128,128,2
gap_ff83929a9b59c7e55b,vol_2f13f6086c74f2,train_images/gap_ff83929a9b59c7e55b.png,train_masks/gap_ff83929a9b59c7e55b_mask.png,128,128,2
gap_8a91ae35ca06eefa03,vol_77aa82f16f22a1,train_images/gap_8a91ae35ca06eefa03.png,train_masks/gap_8a91ae35ca06eefa03_mask.png,128,128,2
gap_3a4feffc573ae32636,vol_2f13f6086c74f2,train_images/gap_3a4feffc573ae32636.png,train_masks/gap_3a4feffc573ae32636_mask.png,128,128,2
gap_08ec5719359dffab17,vol_c398dbdcbc3d28,train_images/gap_08ec5719359dffab17.png,train_masks/gap_08ec5719359dffab17_mask.png,128,128,2
gap_dd84aca572d9ca2053,vol_2f13f6086c74f2,train_images/gap_dd84aca572d9ca2053.png,train_masks/gap_dd84aca572d9ca2053_mask.png,128,128,2
gap_921de55a641fe7fac0,vol_15b79aa9978e3e,train_images/gap_921de55a641fe7fac0.png,train_masks/gap_921de55a641fe7fac0_mask.png,128,128,2
gap_02c620fd4d327a1e34,vol_7c2bb60117e276,train_images/gap_02c620fd4d327a1e34.png,train_masks/gap_02c620fd4d327a1e34_mask.png,128,128,2
gap_dd882a7cd2a4a027a4,vol_098348610cc349,train_images/gap_dd882a7cd2a4a027a4.png,train_masks/gap_dd882a7cd2a4a027a4_mask.png,128,128,2
gap_28a53fe24e32173159,vol_098348610cc349,train_images/gap_28a53fe24e32173159.png,train_masks/gap_28a53fe24e32173159_mask.png,128,128,2
gap_83b53112520dd73c6f,vol_e94f442ad07ae7,train_images/gap_83b53112520dd73c6f.png,train_masks/gap_83b53112520dd73c6f_mask.png,128,128,2
gap_ef4752ac869208ee24,vol_654a3a5ce18fe4,train_images/gap_ef4752ac869208ee24.png,train_masks/gap_ef4752ac869208ee24_mask.png,128,128,2
gap_7f2dbdabbd66af7772,vol_654a3a5ce18fe4,train_images/gap_7f2dbdabbd66af7772.png,train_masks/gap_7f2dbdabbd66af7772_mask.png,128,128,2
gap_d06ffb8852b975b540,vol_208dbc1a6f30e7,train_images/gap_d06ffb8852b975b540.png,train_masks/gap_d06ffb8852b975b540_mask.png,128,128,2
gap_df9611cbdadc843fea,vol_c5df574b89be34,train_images/gap_df9611cbdadc843fea.png,train_masks/gap_df9611cbdadc843fea_mask.png,128,128,2
gap_1eb7aa27acecaf4608,vol_582f475d9ae3c1,train_images/gap_1eb7aa27acecaf4608.png,train_masks/gap_1eb7aa27acecaf4608_mask.png,128,128,2
gap_24655469578c0b750e,vol_804c999e4daf42,train_images/gap_24655469578c0b750e.png,train_masks/gap_24655469578c0b750e_mask.png,128,128,2
gap_a345fd135da350ecaa,vol_c398dbdcbc3d28,train_images/gap_a345fd135da350ecaa.png,train_masks/gap_a345fd135da350ecaa_mask.png,128,128,2
gap_fd81116ff8e4841ba4,vol_15b79aa9978e3e,train_images/gap_fd81116ff8e4841ba4.png,train_masks/gap_fd81116ff8e4841ba4_mask.png,128,128,2
gap_0459fa595d91d8bd53,vol_15b79aa9978e3e,train_images/gap_0459fa595d91d8bd53.png,train_masks/gap_0459fa595d91d8bd53_mask.png,128,128,2
gap_a56af52383c09af7fb,vol_1a255ee24e8826,train_images/gap_a56af52383c09af7fb.png,train_masks/gap_a56af52383c09af7fb_mask.png,128,128,2
gap_93f23673f66dd04393,vol_7f10b15f19851d,train_images/gap_93f23673f66dd04393.png,train_masks/gap_93f23673f66dd04393_mask.png,128,128,2
gap_7c8245e3af62dcadcc,vol_df67145908d8e5,train_images/gap_7c8245e3af62dcadcc.png,train_masks/gap_7c8245e3af62dcadcc_mask.png,128,128,2
gap_e32030cd8584bd0029,vol_e4edb523870541,train_images/gap_e32030cd8584bd0029.png,train_masks/gap_e32030cd8584bd0029_mask.png,128,128,2
gap_be2b7f8e92ab527781,vol_c5df574b89be34,train_images/gap_be2b7f8e92ab527781.png,train_masks/gap_be2b7f8e92ab527781_mask.png,128,128,2
gap_62a0ec10ce060e5fbe,vol_4921800804a976,train_images/gap_62a0ec10ce060e5fbe.png,train_masks/gap_62a0ec10ce060e5fbe_mask.png,128,128,2
gap_407fa4e43fe86fc56c,vol_582f475d9ae3c1,train_images/gap_407fa4e43fe86fc56c.png,train_masks/gap_407fa4e43fe86fc56c_mask.png,128,128,2
gap_a2862b0c026f9c20c1,vol_4921800804a976,train_images/gap_a2862b0c026f9c20c1.png,train_masks/gap_a2862b0c026f9c20c1_mask.png,128,128,2
gap_3d1abc049c65a18898,vol_582f475d9ae3c1,train_images/gap_3d1abc049c65a18898.png,train_masks/gap_3d1abc049c65a18898_mask.png,128,128,2
gap_01ba7e94bf691240e0,vol_1a255ee24e8826,train_images/gap_01ba7e94bf691240e0.png,train_masks/gap_01ba7e94bf691240e0_mask.png,128,128,2
gap_ca82e2060b2a6c162e,vol_e94f442ad07ae7,train_images/gap_ca82e2060b2a6c162e.png,train_masks/gap_ca82e2060b2a6c162e_mask.png,128,128,2
gap_90f60e0359cc282088,vol_2f13f6086c74f2,train_images/gap_90f60e0359cc282088.png,train_masks/gap_90f60e0359cc282088_mask.png,128,128,2
gap_c02ca63a2450f14949,vol_cc15e1b51df496,train_images/gap_c02ca63a2450f14949.png,train_masks/gap_c02ca63a2450f14949_mask.png,128,128,2
gap_3562e1b286b47ff0ee,vol_582f475d9ae3c1,train_images/gap_3562e1b286b47ff0ee.png,train_masks/gap_3562e1b286b47ff0ee_mask.png,128,128,2
gap_d47abf68e769fb4552,vol_df67145908d8e5,train_images/gap_d47abf68e769fb4552.png,train_masks/gap_d47abf68e769fb4552_mask.png,128,128,2
gap_94d8a9dd8ceffe90bd,vol_acc3478573c47a,train_images/gap_94d8a9dd8ceffe90bd.png,train_masks/gap_94d8a9dd8ceffe90bd_mask.png,128,128,2
gap_d8f9fd4eb682850a65,vol_804c999e4daf42,train_images/gap_d8f9fd4eb682850a65.png,train_masks/gap_d8f9fd4eb682850a65_mask.png,128,128,2
gap_2f843df434e355eba1,vol_c398dbdcbc3d28,train_images/gap_2f843df434e355eba1.png,train_masks/gap_2f843df434e355eba1_mask.png,128,128,2
gap_3996b6605d9a5a4e2c,vol_7f10b15f19851d,train_images/gap_3996b6605d9a5a4e2c.png,train_masks/gap_3996b6605d9a5a4e2c_mask.png,128,128,2
gap_5a4cbb18f2a5d92c35,vol_7f10b15f19851d,train_images/gap_5a4cbb18f2a5d92c35.png,train_masks/gap_5a4cbb18f2a5d92c35_mask.png,128,128,2
gap_5c6a77fc2197fb537d,vol_cc15e1b51df496,train_images/gap_5c6a77fc2197fb537d.png,train_masks/gap_5c6a77fc2197fb537d_mask.png,128,128,2
gap_4ea54d227358a2cfd2,vol_4921800804a976,train_images/gap_4ea54d227358a2cfd2.png,train_masks/gap_4ea54d227358a2cfd2_mask.png,128,128,2
gap_54000d86c455905bd8,vol_1a255ee24e8826,train_images/gap_54000d86c455905bd8.png,train_masks/gap_54000d86c455905bd8_mask.png,128,128,2
gap_9691d16f7cb835d284,vol_7c2bb60117e276,train_images/gap_9691d16f7cb835d284.png,train_masks/gap_9691d16f7cb835d284_mask.png,128,128,2
gap_c2e979c39424c09117,vol_cc15e1b51df496,train_images/gap_c2e979c39424c09117.png,train_masks/gap_c2e979c39424c09117_mask.png,128,128,2
gap_61fc0129f9ab50a11f,vol_77aa82f16f22a1,train_images/gap_61fc0129f9ab50a11f.png,train_masks/gap_61fc0129f9ab50a11f_mask.png,128,128,2
gap_dda19b1f67e60e76f8,vol_c5df574b89be34,train_images/gap_dda19b1f67e60e76f8.png,train_masks/gap_dda19b1f67e60e76f8_mask.png,128,128,2
gap_4f1c918238d3cae85b,vol_4921800804a976,train_images/gap_4f1c918238d3cae85b.png,train_masks/gap_4f1c918238d3cae85b_mask.png,128,128,2
gap_a3c43c55aada710192,vol_4921800804a976,train_images/gap_a3c43c55aada710192.png,train_masks/gap_a3c43c55aada710192_mask.png,128,128,2
gap_92e78f2b6b53e80878,vol_bf8936cd6d47c7,train_images/gap_92e78f2b6b53e80878.png,train_masks/gap_92e78f2b6b53e80878_mask.png,128,128,2
gap_46c10776ebe924b73a,vol_4921800804a976,train_images/gap_46c10776ebe924b73a.png,train_masks/gap_46c10776ebe924b73a_mask.png,128,128,2
gap_a1c1ef9060122cc30e,vol_33b65bfabfd9b8,train_images/gap_a1c1ef9060122cc30e.png,train_masks/gap_a1c1ef9060122cc30e_mask.png,128,128,2
gap_532d7dfef144672d03,vol_47a13de6fd8f69,train_images/gap_532d7dfef144672d03.png,train_masks/gap_532d7dfef144672d03_mask.png,128,128,2
gap_85ae61f09be05c2cb2,vol_fb0999f09bcfd8,train_images/gap_85ae61f09be05c2cb2.png,train_masks/gap_85ae61f09be05c2cb2_mask.png,128,128,2
gap_64088d1a16b50300b8,vol_c5df574b89be34,train_images/gap_64088d1a16b50300b8.png,train_masks/gap_64088d1a16b50300b8_mask.png,128,128,2
gap_0ba752e1d4d6511975,vol_228e2671e29326,train_images/gap_0ba752e1d4d6511975.png,train_masks/gap_0ba752e1d4d6511975_mask.png,128,128,2
gap_fae45fc8e11fd6c247,vol_c5df574b89be34,train_images/gap_fae45fc8e11fd6c247.png,train_masks/gap_fae45fc8e11fd6c247_mask.png,128,128,2
gap_9084e97018acb71c8c,vol_e4edb523870541,train_images/gap_9084e97018acb71c8c.png,train_masks/gap_9084e97018acb71c8c_mask.png,128,128,2
gap_1edf5a8407bb2284af,vol_47a13de6fd8f69,train_images/gap_1edf5a8407bb2284af.png,train_masks/gap_1edf5a8407bb2284af_mask.png,128,128,2
gap_677d2efcdb42819b93,vol_fb0999f09bcfd8,train_images/gap_677d2efcdb42819b93.png,train_masks/gap_677d2efcdb42819b93_mask.png,128,128,2
gap_538fbf85816e91149d,vol_e94f442ad07ae7,train_images/gap_538fbf85816e91149d.png,train_masks/gap_538fbf85816e91149d_mask.png,128,128,2
gap_ce4c3ec20f394b3dab,vol_33b65bfabfd9b8,train_images/gap_ce4c3ec20f394b3dab.png,train_masks/gap_ce4c3ec20f394b3dab_mask.png,128,128,2
gap_ee308214721847d256,vol_47a13de6fd8f69,train_images/gap_ee308214721847d256.png,train_masks/gap_ee308214721847d256_mask.png,128,128,2
gap_e8d21eca93e2b5dc36,vol_acc3478573c47a,train_images/gap_e8d21eca93e2b5dc36.png,train_masks/gap_e8d21eca93e2b5dc36_mask.png,128,128,2
gap_b6ef0535963d6ca4cd,vol_228e2671e29326,train_images/gap_b6ef0535963d6ca4cd.png,train_masks/gap_b6ef0535963d6ca4cd_mask.png,128,128,2
gap_97d038ab2179a51ae1,vol_c5df574b89be34,train_images/gap_97d038ab2179a51ae1.png,train_masks/gap_97d038ab2179a51ae1_mask.png,128,128,2
gap_94b331767aff183044,vol_15b79aa9978e3e,train_images/gap_94b331767aff183044.png,train_masks/gap_94b331767aff183044_mask.png,128,128,2
gap_dd2fbf9cfdf8946031,vol_e4edb523870541,train_images/gap_dd2fbf9cfdf8946031.png,train_masks/gap_dd2fbf9cfdf8946031_mask.png,128,128,2
gap_c94d186d36b58e39df,vol_cc15e1b51df496,train_images/gap_c94d186d36b58e39df.png,train_masks/gap_c94d186d36b58e39df_mask.png,128,128,2
gap_35d616c26fed3e20d6,vol_bf8936cd6d47c7,train_images/gap_35d616c26fed3e20d6.png,train_masks/gap_35d616c26fed3e20d6_mask.png,128,128,2
gap_39023f375a8521e5e4,vol_098348610cc349,train_images/gap_39023f375a8521e5e4.png,train_masks/gap_39023f375a8521e5e4_mask.png,128,128,2
gap_a45ea20034cc7f8e4d,vol_1a255ee24e8826,train_images/gap_a45ea20034cc7f8e4d.png,train_masks/gap_a45ea20034cc7f8e4d_mask.png,128,128,2
gap_159dbe398f0150a323,vol_1597aa55748da6,train_images/gap_159dbe398f0150a323.png,train_masks/gap_159dbe398f0150a323_mask.png,128,128,2
gap_be4df28993ad02e8fc,vol_bf8936cd6d47c7,train_images/gap_be4df28993ad02e8fc.png,train_masks/gap_be4df28993ad02e8fc_mask.png,128,128,2
gap_be91d0f12b68047aca,vol_77aa82f16f22a1,train_images/gap_be91d0f12b68047aca.png,train_masks/gap_be91d0f12b68047aca_mask.png,128,128,2
gap_49de8d2bbcf01f988c,vol_fb0999f09bcfd8,train_images/gap_49de8d2bbcf01f988c.png,train_masks/gap_49de8d2bbcf01f988c_mask.png,128,128,2
gap_96dfc526d67c971f3c,vol_208dbc1a6f30e7,train_images/gap_96dfc526d67c971f3c.png,train_masks/gap_96dfc526d67c971f3c_mask.png,128,128,2
gap_251423f2c10a4b6286,vol_7c2bb60117e276,train_images/gap_251423f2c10a4b6286.png,train_masks/gap_251423f2c10a4b6286_mask.png,128,128,2
gap_a2567a0c0d2f2cfd2d,vol_804c999e4daf42,train_images/gap_a2567a0c0d2f2cfd2d.png,train_masks/gap_a2567a0c0d2f2cfd2d_mask.png,128,128,2
gap_715d2a0b267b3779b2,vol_1597aa55748da6,train_images/gap_715d2a0b267b3779b2.png,train_masks/gap_715d2a0b267b3779b2_mask.png,128,128,2
gap_8b56cc41e00348f02f,vol_7f10b15f19851d,train_images/gap_8b56cc41e00348f02f.png,train_masks/gap_8b56cc41e00348f02f_mask.png,128,128,2
gap_00cb7261ca5db79800,vol_4921800804a976,train_images/gap_00cb7261ca5db79800.png,train_masks/gap_00cb7261ca5db79800_mask.png,128,128,2
gap_6e61c95d4107e9da9c,vol_f49d4c16233570,train_images/gap_6e61c95d4107e9da9c.png,train_masks/gap_6e61c95d4107e9da9c_mask.png,128,128,2
gap_4668f16b5d20372dda,vol_c5df574b89be34,train_images/gap_4668f16b5d20372dda.png,train_masks/gap_4668f16b5d20372dda_mask.png,128,128,2
gap_37d5731cfea7251e2b,vol_f49d4c16233570,train_images/gap_37d5731cfea7251e2b.png,train_masks/gap_37d5731cfea7251e2b_mask.png,128,128,2
gap_39dd1078b3790d238c,vol_77aa82f16f22a1,train_images/gap_39dd1078b3790d238c.png,train_masks/gap_39dd1078b3790d238c_mask.png,128,128,2
gap_4a3bddce6b68a6601b,vol_1597aa55748da6,train_images/gap_4a3bddce6b68a6601b.png,train_masks/gap_4a3bddce6b68a6601b_mask.png,128,128,2
gap_7b23c9258347f4ce4f,vol_2f13f6086c74f2,train_images/gap_7b23c9258347f4ce4f.png,train_masks/gap_7b23c9258347f4ce4f_mask.png,128,128,2
gap_d2443252123f0b3bfd,vol_7f10b15f19851d,train_images/gap_d2443252123f0b3bfd.png,train_masks/gap_d2443252123f0b3bfd_mask.png,128,128,2
gap_23975213a6b395d2ba,vol_f49d4c16233570,train_images/gap_23975213a6b395d2ba.png,train_masks/gap_23975213a6b395d2ba_mask.png,128,128,2
gap_a408c0ed14525ed971,vol_c5df574b89be34,train_images/gap_a408c0ed14525ed971.png,train_masks/gap_a408c0ed14525ed971_mask.png,128,128,2
gap_a5f46b86c662ea5c49,vol_47a13de6fd8f69,train_images/gap_a5f46b86c662ea5c49.png,train_masks/gap_a5f46b86c662ea5c49_mask.png,128,128,2
gap_267c6de05e5ea1ea3b,vol_15b79aa9978e3e,train_images/gap_267c6de05e5ea1ea3b.png,train_masks/gap_267c6de05e5ea1ea3b_mask.png,128,128,2
gap_175b83f4851e450054,vol_15b79aa9978e3e,train_images/gap_175b83f4851e450054.png,train_masks/gap_175b83f4851e450054_mask.png,128,128,2
gap_1efd32e2e9012e93ce,vol_582f475d9ae3c1,train_images/gap_1efd32e2e9012e93ce.png,train_masks/gap_1efd32e2e9012e93ce_mask.png,128,128,2
gap_0cc4d19fead37f25d9,vol_15b79aa9978e3e,train_images/gap_0cc4d19fead37f25d9.png,train_masks/gap_0cc4d19fead37f25d9_mask.png,128,128,2
gap_2629f7d593ba29516e,vol_acc3478573c47a,train_images/gap_2629f7d593ba29516e.png,train_masks/gap_2629f7d593ba29516e_mask.png,128,128,2
gap_3a32b414f937e1f71d,vol_47a13de6fd8f69,train_images/gap_3a32b414f937e1f71d.png,train_masks/gap_3a32b414f937e1f71d_mask.png,128,128,2
gap_c9fcc1d5917c930d51,vol_e4edb523870541,train_images/gap_c9fcc1d5917c930d51.png,train_masks/gap_c9fcc1d5917c930d51_mask.png,128,128,2
gap_66a34aedc47226f02a,vol_208dbc1a6f30e7,train_images/gap_66a34aedc47226f02a.png,train_masks/gap_66a34aedc47226f02a_mask.png,128,128,2
gap_c22dc4b23b4e4e5bab,vol_582f475d9ae3c1,train_images/gap_c22dc4b23b4e4e5bab.png,train_masks/gap_c22dc4b23b4e4e5bab_mask.png,128,128,2
gap_782abea2e00df8efe4,vol_c398dbdcbc3d28,train_images/gap_782abea2e00df8efe4.png,train_masks/gap_782abea2e00df8efe4_mask.png,128,128,2
gap_c8f8747c701759b314,vol_4921800804a976,train_images/gap_c8f8747c701759b314.png,train_masks/gap_c8f8747c701759b314_mask.png,128,128,2
gap_3c061e5cdd4016e5e5,vol_f49d4c16233570,train_images/gap_3c061e5cdd4016e5e5.png,train_masks/gap_3c061e5cdd4016e5e5_mask.png,128,128,2
gap_61e43c624f7fceb1cc,vol_e4edb523870541,train_images/gap_61e43c624f7fceb1cc.png,train_masks/gap_61e43c624f7fceb1cc_mask.png,128,128,2
gap_bb970d34c643ce2e99,vol_208dbc1a6f30e7,train_images/gap_bb970d34c643ce2e99.png,train_masks/gap_bb970d34c643ce2e99_mask.png,128,128,2
gap_37ac736c08eb645d2f,vol_e4edb523870541,train_images/gap_37ac736c08eb645d2f.png,train_masks/gap_37ac736c08eb645d2f_mask.png,128,128,2
gap_2a4fa1b708b0db5da5,vol_e94f442ad07ae7,train_images/gap_2a4fa1b708b0db5da5.png,train_masks/gap_2a4fa1b708b0db5da5_mask.png,128,128,2
gap_0d6be1b67423dd0e16,vol_c398dbdcbc3d28,train_images/gap_0d6be1b67423dd0e16.png,train_masks/gap_0d6be1b67423dd0e16_mask.png,128,128,2
gap_4737a2aabb2a6d8f41,vol_1597aa55748da6,train_images/gap_4737a2aabb2a6d8f41.png,train_masks/gap_4737a2aabb2a6d8f41_mask.png,128,128,2
gap_728d49224e7bf91110,vol_098348610cc349,train_images/gap_728d49224e7bf91110.png,train_masks/gap_728d49224e7bf91110_mask.png,128,128,2
gap_569001747c02d9a7e0,vol_47a13de6fd8f69,train_images/gap_569001747c02d9a7e0.png,train_masks/gap_569001747c02d9a7e0_mask.png,128,128,2
gap_fbb2d6d3e763135014,vol_bf8936cd6d47c7,train_images/gap_fbb2d6d3e763135014.png,train_masks/gap_fbb2d6d3e763135014_mask.png,128,128,2
gap_802d1227f244466eff,vol_df67145908d8e5,train_images/gap_802d1227f244466eff.png,train_masks/gap_802d1227f244466eff_mask.png,128,128,2
gap_46a12a857ba6f5b88e,vol_bf8936cd6d47c7,train_images/gap_46a12a857ba6f5b88e.png,train_masks/gap_46a12a857ba6f5b88e_mask.png,128,128,2
gap_426182208e79fa9447,vol_098348610cc349,train_images/gap_426182208e79fa9447.png,train_masks/gap_426182208e79fa9447_mask.png,128,128,2
gap_d022993d50e5e55766,vol_fb0999f09bcfd8,train_images/gap_d022993d50e5e55766.png,train_masks/gap_d022993d50e5e55766_mask.png,128,128,2
gap_6c002b05bf3950a07b,vol_228e2671e29326,train_images/gap_6c002b05bf3950a07b.png,train_masks/gap_6c002b05bf3950a07b_mask.png,128,128,2
gap_266a631d943cdca814,vol_bf8936cd6d47c7,train_images/gap_266a631d943cdca814.png,train_masks/gap_266a631d943cdca814_mask.png,128,128,2
gap_ce6ed46ceaa71026b6,vol_bf8936cd6d47c7,train_images/gap_ce6ed46ceaa71026b6.png,train_masks/gap_ce6ed46ceaa71026b6_mask.png,128,128,2
gap_53bf6b47a4530e2a26,vol_fb0999f09bcfd8,train_images/gap_53bf6b47a4530e2a26.png,train_masks/gap_53bf6b47a4530e2a26_mask.png,128,128,2
gap_e5f383ee824b2dc9f8,vol_208dbc1a6f30e7,train_images/gap_e5f383ee824b2dc9f8.png,train_masks/gap_e5f383ee824b2dc9f8_mask.png,128,128,2
gap_0ed0bd2110dd28b292,vol_47a13de6fd8f69,train_images/gap_0ed0bd2110dd28b292.png,train_masks/gap_0ed0bd2110dd28b292_mask.png,128,128,2
gap_6d794938ad78d1e038,vol_7c2bb60117e276,train_images/gap_6d794938ad78d1e038.png,train_masks/gap_6d794938ad78d1e038_mask.png,128,128,2
gap_e5b519b24b201f4627,vol_df67145908d8e5,train_images/gap_e5b519b24b201f4627.png,train_masks/gap_e5b519b24b201f4627_mask.png,128,128,2
gap_ab9fee3e29c09ee77f,vol_1597aa55748da6,train_images/gap_ab9fee3e29c09ee77f.png,train_masks/gap_ab9fee3e29c09ee77f_mask.png,128,128,2
gap_6e9d44c65417488082,vol_208dbc1a6f30e7,train_images/gap_6e9d44c65417488082.png,train_masks/gap_6e9d44c65417488082_mask.png,128,128,2
gap_1df64d07681e97f97d,vol_7c2bb60117e276,train_images/gap_1df64d07681e97f97d.png,train_masks/gap_1df64d07681e97f97d_mask.png,128,128,2
gap_65dbc6114adf385014,vol_654a3a5ce18fe4,train_images/gap_65dbc6114adf385014.png,train_masks/gap_65dbc6114adf385014_mask.png,128,128,2
gap_307413d4782ff2d8e1,vol_f49d4c16233570,train_images/gap_307413d4782ff2d8e1.png,train_masks/gap_307413d4782ff2d8e1_mask.png,128,128,2
gap_08083bb20cb251f4eb,vol_098348610cc349,train_images/gap_08083bb20cb251f4eb.png,train_masks/gap_08083bb20cb251f4eb_mask.png,128,128,2
gap_75b44a21a0f70c0527,vol_15b79aa9978e3e,train_images/gap_75b44a21a0f70c0527.png,train_masks/gap_75b44a21a0f70c0527_mask.png,128,128,2
gap_0ec47f44b22a9f6a12,vol_acc3478573c47a,train_images/gap_0ec47f44b22a9f6a12.png,train_masks/gap_0ec47f44b22a9f6a12_mask.png,128,128,2
gap_e46ee6da8985eaf3e2,vol_582f475d9ae3c1,train_images/gap_e46ee6da8985eaf3e2.png,train_masks/gap_e46ee6da8985eaf3e2_mask.png,128,128,2
gap_bdf53c04ed45550c42,vol_fb0999f09bcfd8,train_images/gap_bdf53c04ed45550c42.png,train_masks/gap_bdf53c04ed45550c42_mask.png,128,128,2
gap_cd8b1264266ac1bac8,vol_f49d4c16233570,train_images/gap_cd8b1264266ac1bac8.png,train_masks/gap_cd8b1264266ac1bac8_mask.png,128,128,2
gap_9b78a081c9d3f90d5c,vol_c5df574b89be34,train_images/gap_9b78a081c9d3f90d5c.png,train_masks/gap_9b78a081c9d3f90d5c_mask.png,128,128,2
gap_0a8d90580075836e75,vol_7f10b15f19851d,train_images/gap_0a8d90580075836e75.png,train_masks/gap_0a8d90580075836e75_mask.png,128,128,2
gap_57c478bbcf36fd58bd,vol_208dbc1a6f30e7,train_images/gap_57c478bbcf36fd58bd.png,train_masks/gap_57c478bbcf36fd58bd_mask.png,128,128,2
gap_a546b98faa4667b29e,vol_7c2bb60117e276,train_images/gap_a546b98faa4667b29e.png,train_masks/gap_a546b98faa4667b29e_mask.png,128,128,2
gap_9ca5504453048647ba,vol_33b65bfabfd9b8,train_images/gap_9ca5504453048647ba.png,train_masks/gap_9ca5504453048647ba_mask.png,128,128,2
gap_23af8414d8972bb987,vol_228e2671e29326,train_images/gap_23af8414d8972bb987.png,train_masks/gap_23af8414d8972bb987_mask.png,128,128,2
gap_1ef1dc5669e6f54e63,vol_cc15e1b51df496,train_images/gap_1ef1dc5669e6f54e63.png,train_masks/gap_1ef1dc5669e6f54e63_mask.png,128,128,2
gap_f6f741d26061ea76e1,vol_7c2bb60117e276,train_images/gap_f6f741d26061ea76e1.png,train_masks/gap_f6f741d26061ea76e1_mask.png,128,128,2
gap_d9dbd3a7dc65aae661,vol_c5df574b89be34,train_images/gap_d9dbd3a7dc65aae661.png,train_masks/gap_d9dbd3a7dc65aae661_mask.png,128,128,2
gap_25b06d06b186aa5824,vol_47a13de6fd8f69,train_images/gap_25b06d06b186aa5824.png,train_masks/gap_25b06d06b186aa5824_mask.png,128,128,2
gap_2eb9c2e21237e0d994,vol_2f13f6086c74f2,train_images/gap_2eb9c2e21237e0d994.png,train_masks/gap_2eb9c2e21237e0d994_mask.png,128,128,2
gap_ac4e2ccef0174dcf75,vol_df67145908d8e5,train_images/gap_ac4e2ccef0174dcf75.png,train_masks/gap_ac4e2ccef0174dcf75_mask.png,128,128,2
gap_e653e73cfd1af181c6,vol_33b65bfabfd9b8,train_images/gap_e653e73cfd1af181c6.png,train_masks/gap_e653e73cfd1af181c6_mask.png,128,128,2
gap_fd5bbb4a7bad6b03a9,vol_f49d4c16233570,train_images/gap_fd5bbb4a7bad6b03a9.png,train_masks/gap_fd5bbb4a7bad6b03a9_mask.png,128,128,2
gap_867a1217f6a93cd5f3,vol_bf8936cd6d47c7,train_images/gap_867a1217f6a93cd5f3.png,train_masks/gap_867a1217f6a93cd5f3_mask.png,128,128,2
gap_d46393b53ae51bf144,vol_df67145908d8e5,train_images/gap_d46393b53ae51bf144.png,train_masks/gap_d46393b53ae51bf144_mask.png,128,128,2
gap_3bd980e77a99c800ac,vol_cc15e1b51df496,train_images/gap_3bd980e77a99c800ac.png,train_masks/gap_3bd980e77a99c800ac_mask.png,128,128,2
gap_90ddf590e08b796e5a,vol_bf8936cd6d47c7,train_images/gap_90ddf590e08b796e5a.png,train_masks/gap_90ddf590e08b796e5a_mask.png,128,128,2
gap_d8ba2cb953b95fec66,vol_804c999e4daf42,train_images/gap_d8ba2cb953b95fec66.png,train_masks/gap_d8ba2cb953b95fec66_mask.png,128,128,2
gap_605daad47ee39be6c4,vol_098348610cc349,train_images/gap_605daad47ee39be6c4.png,train_masks/gap_605daad47ee39be6c4_mask.png,128,128,2
gap_7e260f2743a0c9a359,vol_bf8936cd6d47c7,train_images/gap_7e260f2743a0c9a359.png,train_masks/gap_7e260f2743a0c9a359_mask.png,128,128,2
gap_febbec3105f91e1d9c,vol_c398dbdcbc3d28,train_images/gap_febbec3105f91e1d9c.png,train_masks/gap_febbec3105f91e1d9c_mask.png,128,128,2
gap_fdf053804492dc0473,vol_c5df574b89be34,train_images/gap_fdf053804492dc0473.png,train_masks/gap_fdf053804492dc0473_mask.png,128,128,2
gap_bc774257b0764985ef,vol_208dbc1a6f30e7,train_images/gap_bc774257b0764985ef.png,train_masks/gap_bc774257b0764985ef_mask.png,128,128,2
gap_498865dbb28e3fd911,vol_15b79aa9978e3e,train_images/gap_498865dbb28e3fd911.png,train_masks/gap_498865dbb28e3fd911_mask.png,128,128,2
gap_21b8eb9a2c9f1c0b83,vol_804c999e4daf42,train_images/gap_21b8eb9a2c9f1c0b83.png,train_masks/gap_21b8eb9a2c9f1c0b83_mask.png,128,128,2
gap_34870546858a987689,vol_33b65bfabfd9b8,train_images/gap_34870546858a987689.png,train_masks/gap_34870546858a987689_mask.png,128,128,2
gap_56756c368db3a47a1d,vol_bf8936cd6d47c7,train_images/gap_56756c368db3a47a1d.png,train_masks/gap_56756c368db3a47a1d_mask.png,128,128,2
gap_5e54ee7d93d6bc44f5,vol_804c999e4daf42,train_images/gap_5e54ee7d93d6bc44f5.png,train_masks/gap_5e54ee7d93d6bc44f5_mask.png,128,128,2
gap_910cc4cf970962a4ba,vol_1a255ee24e8826,train_images/gap_910cc4cf970962a4ba.png,train_masks/gap_910cc4cf970962a4ba_mask.png,128,128,2
gap_d509742454f5df41e2,vol_7f10b15f19851d,train_images/gap_d509742454f5df41e2.png,train_masks/gap_d509742454f5df41e2_mask.png,128,128,2
gap_3f33c691282a537ab0,vol_7c2bb60117e276,train_images/gap_3f33c691282a537ab0.png,train_masks/gap_3f33c691282a537ab0_mask.png,128,128,2
gap_7d7074c128da116272,vol_e4edb523870541,train_images/gap_7d7074c128da116272.png,train_masks/gap_7d7074c128da116272_mask.png,128,128,2
gap_d422596d6ee1c44a8b,vol_098348610cc349,train_images/gap_d422596d6ee1c44a8b.png,train_masks/gap_d422596d6ee1c44a8b_mask.png,128,128,2
gap_83338e091f028af5de,vol_7f10b15f19851d,train_images/gap_83338e091f028af5de.png,train_masks/gap_83338e091f028af5de_mask.png,128,128,2
gap_801b412160cee668c9,vol_e94f442ad07ae7,train_images/gap_801b412160cee668c9.png,train_masks/gap_801b412160cee668c9_mask.png,128,128,2
gap_7dde791e0c148a2c75,vol_15b79aa9978e3e,train_images/gap_7dde791e0c148a2c75.png,train_masks/gap_7dde791e0c148a2c75_mask.png,128,128,2
gap_5ac29fdd9ba0e2894f,vol_208dbc1a6f30e7,train_images/gap_5ac29fdd9ba0e2894f.png,train_masks/gap_5ac29fdd9ba0e2894f_mask.png,128,128,2
gap_6eaa0cbacc18052aba,vol_47a13de6fd8f69,train_images/gap_6eaa0cbacc18052aba.png,train_masks/gap_6eaa0cbacc18052aba_mask.png,128,128,2
gap_5b42d0fc781e4a78a4,vol_1a255ee24e8826,train_images/gap_5b42d0fc781e4a78a4.png,train_masks/gap_5b42d0fc781e4a78a4_mask.png,128,128,2
gap_0f34b506ddd9d670ce,vol_acc3478573c47a,train_images/gap_0f34b506ddd9d670ce.png,train_masks/gap_0f34b506ddd9d670ce_mask.png,128,128,2
gap_b4c816015c075bc803,vol_4921800804a976,train_images/gap_b4c816015c075bc803.png,train_masks/gap_b4c816015c075bc803_mask.png,128,128,2
gap_6ff15966c862bb662a,vol_fb0999f09bcfd8,train_images/gap_6ff15966c862bb662a.png,train_masks/gap_6ff15966c862bb662a_mask.png,128,128,2
gap_fb91d52385d0a7d0fa,vol_654a3a5ce18fe4,train_images/gap_fb91d52385d0a7d0fa.png,train_masks/gap_fb91d52385d0a7d0fa_mask.png,128,128,2
gap_1dbd0c55c7fb322d33,vol_1a255ee24e8826,train_images/gap_1dbd0c55c7fb322d33.png,train_masks/gap_1dbd0c55c7fb322d33_mask.png,128,128,2
gap_a3ad3773b0a918c936,vol_7f10b15f19851d,train_images/gap_a3ad3773b0a918c936.png,train_masks/gap_a3ad3773b0a918c936_mask.png,128,128,2
gap_721df1ae8cae02e7fd,vol_2f13f6086c74f2,train_images/gap_721df1ae8cae02e7fd.png,train_masks/gap_721df1ae8cae02e7fd_mask.png,128,128,2
gap_7c7b397cd62144408a,vol_fb0999f09bcfd8,train_images/gap_7c7b397cd62144408a.png,train_masks/gap_7c7b397cd62144408a_mask.png,128,128,2
gap_14095e87dcc4869214,vol_582f475d9ae3c1,train_images/gap_14095e87dcc4869214.png,train_masks/gap_14095e87dcc4869214_mask.png,128,128,2
gap_c427abf58f57f6cdd3,vol_fb0999f09bcfd8,train_images/gap_c427abf58f57f6cdd3.png,train_masks/gap_c427abf58f57f6cdd3_mask.png,128,128,2
gap_b69f1f7510d1d998bb,vol_7f10b15f19851d,train_images/gap_b69f1f7510d1d998bb.png,train_masks/gap_b69f1f7510d1d998bb_mask.png,128,128,2
gap_9bcb2a09d217ce5781,vol_e4edb523870541,train_images/gap_9bcb2a09d217ce5781.png,train_masks/gap_9bcb2a09d217ce5781_mask.png,128,128,2
gap_06227e53a3ad3410e2,vol_df67145908d8e5,train_images/gap_06227e53a3ad3410e2.png,train_masks/gap_06227e53a3ad3410e2_mask.png,128,128,2
gap_a521dd5e2dbbe67171,vol_33b65bfabfd9b8,train_images/gap_a521dd5e2dbbe67171.png,train_masks/gap_a521dd5e2dbbe67171_mask.png,128,128,2
gap_c0a473a04811f477a6,vol_df67145908d8e5,train_images/gap_c0a473a04811f477a6.png,train_masks/gap_c0a473a04811f477a6_mask.png,128,128,2
gap_b13a3e2f70cf0a4812,vol_f49d4c16233570,train_images/gap_b13a3e2f70cf0a4812.png,train_masks/gap_b13a3e2f70cf0a4812_mask.png,128,128,2
gap_bcfd45816689982b2d,vol_fb0999f09bcfd8,train_images/gap_bcfd45816689982b2d.png,train_masks/gap_bcfd45816689982b2d_mask.png,128,128,2
gap_4cd949c54646030082,vol_c5df574b89be34,train_images/gap_4cd949c54646030082.png,train_masks/gap_4cd949c54646030082_mask.png,128,128,2
gap_b2165e028ff452ed1d,vol_804c999e4daf42,train_images/gap_b2165e028ff452ed1d.png,train_masks/gap_b2165e028ff452ed1d_mask.png,128,128,2
gap_3c11f8befa649f3710,vol_df67145908d8e5,train_images/gap_3c11f8befa649f3710.png,train_masks/gap_3c11f8befa649f3710_mask.png,128,128,2
gap_8e8d7e28aa1ffddfc0,vol_654a3a5ce18fe4,train_images/gap_8e8d7e28aa1ffddfc0.png,train_masks/gap_8e8d7e28aa1ffddfc0_mask.png,128,128,2
gap_c90ae5233075d99650,vol_654a3a5ce18fe4,train_images/gap_c90ae5233075d99650.png,train_masks/gap_c90ae5233075d99650_mask.png,128,128,2
gap_450933bd5b5e0c5b39,vol_7f10b15f19851d,train_images/gap_450933bd5b5e0c5b39.png,train_masks/gap_450933bd5b5e0c5b39_mask.png,128,128,2
gap_3cac3a555e8d0764a1,vol_c5df574b89be34,train_images/gap_3cac3a555e8d0764a1.png,train_masks/gap_3cac3a555e8d0764a1_mask.png,128,128,2
gap_bc6d3863def0ac115a,vol_cc15e1b51df496,train_images/gap_bc6d3863def0ac115a.png,train_masks/gap_bc6d3863def0ac115a_mask.png,128,128,2
gap_25ea62d605c0558951,vol_228e2671e29326,train_images/gap_25ea62d605c0558951.png,train_masks/gap_25ea62d605c0558951_mask.png,128,128,2
gap_7dc57372387ebd8e45,vol_cc15e1b51df496,train_images/gap_7dc57372387ebd8e45.png,train_masks/gap_7dc57372387ebd8e45_mask.png,128,128,2
gap_34594ee14bdfe73486,vol_c398dbdcbc3d28,train_images/gap_34594ee14bdfe73486.png,train_masks/gap_34594ee14bdfe73486_mask.png,128,128,2
gap_6dd82faeb177588094,vol_228e2671e29326,train_images/gap_6dd82faeb177588094.png,train_masks/gap_6dd82faeb177588094_mask.png,128,128,2
gap_ca6439edd645c334ff,vol_1597aa55748da6,train_images/gap_ca6439edd645c334ff.png,train_masks/gap_ca6439edd645c334ff_mask.png,128,128,2
gap_71470253071dce6145,vol_cc15e1b51df496,train_images/gap_71470253071dce6145.png,train_masks/gap_71470253071dce6145_mask.png,128,128,2
gap_1fa8b72e181a83ab49,vol_33b65bfabfd9b8,train_images/gap_1fa8b72e181a83ab49.png,train_masks/gap_1fa8b72e181a83ab49_mask.png,128,128,2
gap_2ebf369ff919af121e,vol_7c2bb60117e276,train_images/gap_2ebf369ff919af121e.png,train_masks/gap_2ebf369ff919af121e_mask.png,128,128,2
gap_f5b9429cb46f01eb47,vol_bf8936cd6d47c7,train_images/gap_f5b9429cb46f01eb47.png,train_masks/gap_f5b9429cb46f01eb47_mask.png,128,128,2
gap_6b68c53294621dfed7,vol_228e2671e29326,train_images/gap_6b68c53294621dfed7.png,train_masks/gap_6b68c53294621dfed7_mask.png,128,128,2
gap_cce81a217d1ec33876,vol_208dbc1a6f30e7,train_images/gap_cce81a217d1ec33876.png,train_masks/gap_cce81a217d1ec33876_mask.png,128,128,2
gap_3d05718b3947675805,vol_47a13de6fd8f69,train_images/gap_3d05718b3947675805.png,train_masks/gap_3d05718b3947675805_mask.png,128,128,2
gap_8c239c93afe2120d8b,vol_cc15e1b51df496,train_images/gap_8c239c93afe2120d8b.png,train_masks/gap_8c239c93afe2120d8b_mask.png,128,128,2
gap_45b3ba8ca465949e5f,vol_33b65bfabfd9b8,train_images/gap_45b3ba8ca465949e5f.png,train_masks/gap_45b3ba8ca465949e5f_mask.png,128,128,2
gap_ca40ea7e490c91b1da,vol_acc3478573c47a,train_images/gap_ca40ea7e490c91b1da.png,train_masks/gap_ca40ea7e490c91b1da_mask.png,128,128,2
gap_3bd9b1fb030191ce70,vol_acc3478573c47a,train_images/gap_3bd9b1fb030191ce70.png,train_masks/gap_3bd9b1fb030191ce70_mask.png,128,128,2
gap_35a0eb314197dcfe32,vol_bf8936cd6d47c7,train_images/gap_35a0eb314197dcfe32.png,train_masks/gap_35a0eb314197dcfe32_mask.png,128,128,2
gap_411e6b3b37c1cc8945,vol_804c999e4daf42,train_images/gap_411e6b3b37c1cc8945.png,train_masks/gap_411e6b3b37c1cc8945_mask.png,128,128,2
gap_cd4327aecff8372e79,vol_bf8936cd6d47c7,train_images/gap_cd4327aecff8372e79.png,train_masks/gap_cd4327aecff8372e79_mask.png,128,128,2
gap_b45e684b17c5075f31,vol_33b65bfabfd9b8,train_images/gap_b45e684b17c5075f31.png,train_masks/gap_b45e684b17c5075f31_mask.png,128,128,2
gap_89423b817c2198112f,vol_654a3a5ce18fe4,train_images/gap_89423b817c2198112f.png,train_masks/gap_89423b817c2198112f_mask.png,128,128,2
gap_6b8d63bcfacf130807,vol_804c999e4daf42,train_images/gap_6b8d63bcfacf130807.png,train_masks/gap_6b8d63bcfacf130807_mask.png,128,128,2
gap_1b2ae5e14e5a0bd9b2,vol_bf8936cd6d47c7,train_images/gap_1b2ae5e14e5a0bd9b2.png,train_masks/gap_1b2ae5e14e5a0bd9b2_mask.png,128,128,2
gap_05494820dfc0a58cac,vol_f49d4c16233570,train_images/gap_05494820dfc0a58cac.png,train_masks/gap_05494820dfc0a58cac_mask.png,128,128,2
gap_029d099c074d5210ce,vol_804c999e4daf42,train_images/gap_029d099c074d5210ce.png,train_masks/gap_029d099c074d5210ce_mask.png,128,128,2
gap_d68f0429fc3a1b8929,vol_e94f442ad07ae7,train_images/gap_d68f0429fc3a1b8929.png,train_masks/gap_d68f0429fc3a1b8929_mask.png,128,128,2
gap_9dbc36f4af020b047a,vol_1a255ee24e8826,train_images/gap_9dbc36f4af020b047a.png,train_masks/gap_9dbc36f4af020b047a_mask.png,128,128,2
gap_ba2be0f7a79f1833fe,vol_4921800804a976,train_images/gap_ba2be0f7a79f1833fe.png,train_masks/gap_ba2be0f7a79f1833fe_mask.png,128,128,2
gap_79de9636cc96b6819f,vol_804c999e4daf42,train_images/gap_79de9636cc96b6819f.png,train_masks/gap_79de9636cc96b6819f_mask.png,128,128,2
gap_055c3584ec0db8c030,vol_208dbc1a6f30e7,train_images/gap_055c3584ec0db8c030.png,train_masks/gap_055c3584ec0db8c030_mask.png,128,128,2
gap_488b7376a0b122b756,vol_1597aa55748da6,train_images/gap_488b7376a0b122b756.png,train_masks/gap_488b7376a0b122b756_mask.png,128,128,2
gap_f4128294fe8280f112,vol_098348610cc349,train_images/gap_f4128294fe8280f112.png,train_masks/gap_f4128294fe8280f112_mask.png,128,128,2
gap_c870394b76d7446a4e,vol_1a255ee24e8826,train_images/gap_c870394b76d7446a4e.png,train_masks/gap_c870394b76d7446a4e_mask.png,128,128,2
gap_fbbda8b8d0b463aeb1,vol_fb0999f09bcfd8,train_images/gap_fbbda8b8d0b463aeb1.png,train_masks/gap_fbbda8b8d0b463aeb1_mask.png,128,128,2
gap_066f9d329ed7e8ea9d,vol_c5df574b89be34,train_images/gap_066f9d329ed7e8ea9d.png,train_masks/gap_066f9d329ed7e8ea9d_mask.png,128,128,2
gap_638b367913ed3dcb49,vol_2f13f6086c74f2,train_images/gap_638b367913ed3dcb49.png,train_masks/gap_638b367913ed3dcb49_mask.png,128,128,2
gap_327bc7812ea14aa215,vol_2f13f6086c74f2,train_images/gap_327bc7812ea14aa215.png,train_masks/gap_327bc7812ea14aa215_mask.png,128,128,2
gap_152bf8b10cc89a1c07,vol_33b65bfabfd9b8,train_images/gap_152bf8b10cc89a1c07.png,train_masks/gap_152bf8b10cc89a1c07_mask.png,128,128,2
gap_73c628103847299ea9,vol_df67145908d8e5,train_images/gap_73c628103847299ea9.png,train_masks/gap_73c628103847299ea9_mask.png,128,128,2
gap_88348f3ea9d141cacb,vol_2f13f6086c74f2,train_images/gap_88348f3ea9d141cacb.png,train_masks/gap_88348f3ea9d141cacb_mask.png,128,128,2
gap_bc38e6fe9a478bd459,vol_2f13f6086c74f2,train_images/gap_bc38e6fe9a478bd459.png,train_masks/gap_bc38e6fe9a478bd459_mask.png,128,128,2
gap_e56ccd0bf27900fc8d,vol_228e2671e29326,train_images/gap_e56ccd0bf27900fc8d.png,train_masks/gap_e56ccd0bf27900fc8d_mask.png,128,128,2
gap_92888416a93eaff19d,vol_7c2bb60117e276,train_images/gap_92888416a93eaff19d.png,train_masks/gap_92888416a93eaff19d_mask.png,128,128,2
gap_9acd6d165174716635,vol_47a13de6fd8f69,train_images/gap_9acd6d165174716635.png,train_masks/gap_9acd6d165174716635_mask.png,128,128,2
gap_bbd006437cb390efa1,vol_f49d4c16233570,train_images/gap_bbd006437cb390efa1.png,train_masks/gap_bbd006437cb390efa1_mask.png,128,128,2
gap_75db4711174797b89b,vol_2f13f6086c74f2,train_images/gap_75db4711174797b89b.png,train_masks/gap_75db4711174797b89b_mask.png,128,128,2
gap_2aa1feafa9c0dab437,vol_2f13f6086c74f2,train_images/gap_2aa1feafa9c0dab437.png,train_masks/gap_2aa1feafa9c0dab437_mask.png,128,128,2
gap_5cc22b68a9e01e0b1f,vol_77aa82f16f22a1,train_images/gap_5cc22b68a9e01e0b1f.png,train_masks/gap_5cc22b68a9e01e0b1f_mask.png,128,128,2
gap_ffff445ef765013349,vol_fb0999f09bcfd8,train_images/gap_ffff445ef765013349.png,train_masks/gap_ffff445ef765013349_mask.png,128,128,2
gap_167da0d679ce8ad4a8,vol_e4edb523870541,train_images/gap_167da0d679ce8ad4a8.png,train_masks/gap_167da0d679ce8ad4a8_mask.png,128,128,2
gap_02db83704eeabaf3ec,vol_cc15e1b51df496,train_images/gap_02db83704eeabaf3ec.png,train_masks/gap_02db83704eeabaf3ec_mask.png,128,128,2
gap_09c1cbb6dfd60151de,vol_582f475d9ae3c1,train_images/gap_09c1cbb6dfd60151de.png,train_masks/gap_09c1cbb6dfd60151de_mask.png,128,128,2
gap_0d9f753bb6fd105c0f,vol_15b79aa9978e3e,train_images/gap_0d9f753bb6fd105c0f.png,train_masks/gap_0d9f753bb6fd105c0f_mask.png,128,128,2
gap_7fe9e55e9018048b4c,vol_33b65bfabfd9b8,train_images/gap_7fe9e55e9018048b4c.png,train_masks/gap_7fe9e55e9018048b4c_mask.png,128,128,2
gap_2e7c3792ac0ba20ba3,vol_654a3a5ce18fe4,train_images/gap_2e7c3792ac0ba20ba3.png,train_masks/gap_2e7c3792ac0ba20ba3_mask.png,128,128,2
gap_abbe8796fe38dc777c,vol_acc3478573c47a,train_images/gap_abbe8796fe38dc777c.png,train_masks/gap_abbe8796fe38dc777c_mask.png,128,128,2
gap_45f738cbcb267de404,vol_f49d4c16233570,train_images/gap_45f738cbcb267de404.png,train_masks/gap_45f738cbcb267de404_mask.png,128,128,2
gap_6d9477a601cfdf8a62,vol_4921800804a976,train_images/gap_6d9477a601cfdf8a62.png,train_masks/gap_6d9477a601cfdf8a62_mask.png,128,128,2
gap_433f0bb268337a1b95,vol_c398dbdcbc3d28,train_images/gap_433f0bb268337a1b95.png,train_masks/gap_433f0bb268337a1b95_mask.png,128,128,2
gap_a56045ebeee1c50854,vol_098348610cc349,train_images/gap_a56045ebeee1c50854.png,train_masks/gap_a56045ebeee1c50854_mask.png,128,128,2
gap_1d64e661db23dad7af,vol_582f475d9ae3c1,train_images/gap_1d64e661db23dad7af.png,train_masks/gap_1d64e661db23dad7af_mask.png,128,128,2
gap_2b152dd241ec4f19ec,vol_2f13f6086c74f2,train_images/gap_2b152dd241ec4f19ec.png,train_masks/gap_2b152dd241ec4f19ec_mask.png,128,128,2
gap_2d05e4dc2eb0c04fe4,vol_7c2bb60117e276,train_images/gap_2d05e4dc2eb0c04fe4.png,train_masks/gap_2d05e4dc2eb0c04fe4_mask.png,128,128,2
gap_5da3c1cdfe326e70e9,vol_e94f442ad07ae7,train_images/gap_5da3c1cdfe326e70e9.png,train_masks/gap_5da3c1cdfe326e70e9_mask.png,128,128,2
gap_022db869e38c8ef734,vol_f49d4c16233570,train_images/gap_022db869e38c8ef734.png,train_masks/gap_022db869e38c8ef734_mask.png,128,128,2
gap_645c5d5e25ec4e1da6,vol_e94f442ad07ae7,train_images/gap_645c5d5e25ec4e1da6.png,train_masks/gap_645c5d5e25ec4e1da6_mask.png,128,128,2
gap_60e4925b016dc3acd2,vol_582f475d9ae3c1,train_images/gap_60e4925b016dc3acd2.png,train_masks/gap_60e4925b016dc3acd2_mask.png,128,128,2
gap_7dfb8e462cb411c560,vol_1a255ee24e8826,train_images/gap_7dfb8e462cb411c560.png,train_masks/gap_7dfb8e462cb411c560_mask.png,128,128,2
gap_a5db146961301d7682,vol_fb0999f09bcfd8,train_images/gap_a5db146961301d7682.png,train_masks/gap_a5db146961301d7682_mask.png,128,128,2
gap_2fcd994a4a2abb8bba,vol_2f13f6086c74f2,train_images/gap_2fcd994a4a2abb8bba.png,train_masks/gap_2fcd994a4a2abb8bba_mask.png,128,128,2
gap_00b836e26de2e6a25b,vol_098348610cc349,train_images/gap_00b836e26de2e6a25b.png,train_masks/gap_00b836e26de2e6a25b_mask.png,128,128,2
gap_7ab8dc219807a5b1c3,vol_15b79aa9978e3e,train_images/gap_7ab8dc219807a5b1c3.png,train_masks/gap_7ab8dc219807a5b1c3_mask.png,128,128,2
gap_e4558cdf01569bf625,vol_1597aa55748da6,train_images/gap_e4558cdf01569bf625.png,train_masks/gap_e4558cdf01569bf625_mask.png,128,128,2
gap_0608f6e2361b04b252,vol_e94f442ad07ae7,train_images/gap_0608f6e2361b04b252.png,train_masks/gap_0608f6e2361b04b252_mask.png,128,128,2
gap_8e70575bc6377281c4,vol_bf8936cd6d47c7,train_images/gap_8e70575bc6377281c4.png,train_masks/gap_8e70575bc6377281c4_mask.png,128,128,2
gap_76be31361d4f4864bb,vol_df67145908d8e5,train_images/gap_76be31361d4f4864bb.png,train_masks/gap_76be31361d4f4864bb_mask.png,128,128,2
gap_8fdea5092a9a276ebc,vol_582f475d9ae3c1,train_images/gap_8fdea5092a9a276ebc.png,train_masks/gap_8fdea5092a9a276ebc_mask.png,128,128,2
gap_9366641eceb8d311d3,vol_bf8936cd6d47c7,train_images/gap_9366641eceb8d311d3.png,train_masks/gap_9366641eceb8d311d3_mask.png,128,128,2
gap_345d2015152cd45cbb,vol_804c999e4daf42,train_images/gap_345d2015152cd45cbb.png,train_masks/gap_345d2015152cd45cbb_mask.png,128,128,2
gap_3200410e6e10026f81,vol_208dbc1a6f30e7,train_images/gap_3200410e6e10026f81.png,train_masks/gap_3200410e6e10026f81_mask.png,128,128,2
gap_4ed61c392be01076ed,vol_582f475d9ae3c1,train_images/gap_4ed61c392be01076ed.png,train_masks/gap_4ed61c392be01076ed_mask.png,128,128,2
gap_526c8848765ebf10ec,vol_15b79aa9978e3e,train_images/gap_526c8848765ebf10ec.png,train_masks/gap_526c8848765ebf10ec_mask.png,128,128,2
gap_f2d5be1d863ae20e38,vol_c398dbdcbc3d28,train_images/gap_f2d5be1d863ae20e38.png,train_masks/gap_f2d5be1d863ae20e38_mask.png,128,128,2
gap_e55cecc575d402372f,vol_acc3478573c47a,train_images/gap_e55cecc575d402372f.png,train_masks/gap_e55cecc575d402372f_mask.png,128,128,2
gap_a42d4503a72b6eafa8,vol_4921800804a976,train_images/gap_a42d4503a72b6eafa8.png,train_masks/gap_a42d4503a72b6eafa8_mask.png,128,128,2
gap_22960be8f66188b5f1,vol_acc3478573c47a,train_images/gap_22960be8f66188b5f1.png,train_masks/gap_22960be8f66188b5f1_mask.png,128,128,2
gap_42015f1c62e0f015fe,vol_7c2bb60117e276,train_images/gap_42015f1c62e0f015fe.png,train_masks/gap_42015f1c62e0f015fe_mask.png,128,128,2
gap_f6a706461ab5dfbe79,vol_33b65bfabfd9b8,train_images/gap_f6a706461ab5dfbe79.png,train_masks/gap_f6a706461ab5dfbe79_mask.png,128,128,2
gap_7b1c439a7fd9de79bc,vol_804c999e4daf42,train_images/gap_7b1c439a7fd9de79bc.png,train_masks/gap_7b1c439a7fd9de79bc_mask.png,128,128,2
gap_3b1970a70461d02e38,vol_2f13f6086c74f2,train_images/gap_3b1970a70461d02e38.png,train_masks/gap_3b1970a70461d02e38_mask.png,128,128,2
